Matrice,M,N,NZ,Densit√†,Thread,Tempo Medio (s),FLOPs,GFLOPS,Speedup
Cube_Coup_dt0.mtx,2164760,2164760,127206144,0.33783113,2,0.081061,254412288,3.138521,1.96
Cube_Coup_dt0.mtx,2164760,2164760,127206144,0.33783113,3,0.057214,254412288,4.446665,2.78
Cube_Coup_dt0.mtx,2164760,2164760,127206144,0.33783113,4,0.049762,254412288,5.112574,3.19
Cube_Coup_dt0.mtx,2164760,2164760,127206144,0.33783113,5,0.048300,254412288,5.267370,3.29
Cube_Coup_dt0.mtx,2164760,2164760,127206144,0.33783113,6,0.047397,254412288,5.367683,3.35
Cube_Coup_dt0.mtx,2164760,2164760,127206144,0.33783113,7,0.046966,254412288,5.416944,3.38
Cube_Coup_dt0.mtx,2164760,2164760,127206144,0.33783113,8,0.046967,254412288,5.416837,3.38
Cube_Coup_dt0.mtx,2164760,2164760,127206144,0.33783113,9,0.051991,254412288,4.893382,3.05
Cube_Coup_dt0.mtx,2164760,2164760,127206144,0.33783113,10,0.057466,254412288,4.427141,2.76
Cube_Coup_dt0.mtx,2164760,2164760,127206144,0.33783113,11,0.056833,254412288,4.476492,2.79
Cube_Coup_dt0.mtx,2164760,2164760,127206144,0.33783113,12,0.057958,254412288,4.389616,2.74
Cube_Coup_dt0.mtx,2164760,2164760,127206144,0.33783113,13,0.059399,254412288,4.283096,2.67
Cube_Coup_dt0.mtx,2164760,2164760,127206144,0.33783113,14,0.057118,254412288,4.454182,2.78
Cube_Coup_dt0.mtx,2164760,2164760,127206144,0.33783113,15,0.054471,254412288,4.670561,2.91
Cube_Coup_dt0.mtx,2164760,2164760,127206144,0.33783113,16,0.053675,254412288,4.739831,2.96
Cube_Coup_dt0.mtx,2164760,2164760,127206144,0.33783113,17,0.053085,254412288,4.792533,2.99
Cube_Coup_dt0.mtx,2164760,2164760,127206144,0.33783113,18,0.052920,254412288,4.807450,3.00
Cube_Coup_dt0.mtx,2164760,2164760,127206144,0.33783113,19,0.052414,254412288,4.853880,3.03
Cube_Coup_dt0.mtx,2164760,2164760,127206144,0.33783113,20,0.052182,254412288,4.875435,3.04
Cube_Coup_dt0.mtx,2164760,2164760,127206144,0.33783113,21,0.051940,254412288,4.898222,3.06
Cube_Coup_dt0.mtx,2164760,2164760,127206144,0.33783113,22,0.051788,254412288,4.912544,3.07
Cube_Coup_dt0.mtx,2164760,2164760,127206144,0.33783113,23,0.053861,254412288,4.723462,2.95
Cube_Coup_dt0.mtx,2164760,2164760,127206144,0.33783113,24,0.056025,254412288,4.541040,2.83
Cube_Coup_dt0.mtx,2164760,2164760,127206144,0.33783113,25,0.057375,254412288,4.434189,2.77
Cube_Coup_dt0.mtx,2164760,2164760,127206144,0.33783113,26,0.059167,254412288,4.299909,2.68
Cube_Coup_dt0.mtx,2164760,2164760,127206144,0.33783113,27,0.060926,254412288,4.175760,2.61
Cube_Coup_dt0.mtx,2164760,2164760,127206144,0.33783113,28,0.062760,254412288,4.053706,2.53
Cube_Coup_dt0.mtx,2164760,2164760,127206144,0.33783113,29,0.063413,254412288,4.011992,2.50
Cube_Coup_dt0.mtx,2164760,2164760,127206144,0.33783113,30,0.065007,254412288,3.913635,2.44
Cube_Coup_dt0.mtx,2164760,2164760,127206144,0.33783113,31,0.065773,254412288,3.868014,2.41
Cube_Coup_dt0.mtx,2164760,2164760,127206144,0.33783113,32,0.066893,254412288,3.803245,2.37
Cube_Coup_dt0.mtx,2164760,2164760,127206144,0.33783113,33,0.068477,254412288,3.715279,2.32
Cube_Coup_dt0.mtx,2164760,2164760,127206144,0.33783113,34,0.069307,254412288,3.670809,2.29
Cube_Coup_dt0.mtx,2164760,2164760,127206144,0.33783113,35,0.070080,254412288,3.630330,2.27
Cube_Coup_dt0.mtx,2164760,2164760,127206144,0.33783113,36,0.071040,254412288,3.581277,2.23
Cube_Coup_dt0.mtx,2164760,2164760,127206144,0.33783113,37,0.072190,254412288,3.524186,2.20
Cube_Coup_dt0.mtx,2164760,2164760,127206144,0.33783113,38,0.072469,254412288,3.510626,2.19
Cube_Coup_dt0.mtx,2164760,2164760,127206144,0.33783113,39,0.073554,254412288,3.458845,2.16
Cube_Coup_dt0.mtx,2164760,2164760,127206144,0.33783113,40,0.074028,254412288,3.436703,2.14
FEM_3D_thermal1.mtx,17880,17880,430740,0.00134735,2,0.000864,861480,0.997300,0.56
FEM_3D_thermal1.mtx,17880,17880,430740,0.00134735,3,0.000275,861480,3.131446,1.74
FEM_3D_thermal1.mtx,17880,17880,430740,0.00134735,4,0.000192,861480,4.489868,2.50
FEM_3D_thermal1.mtx,17880,17880,430740,0.00134735,5,0.000155,861480,5.564354,3.10
FEM_3D_thermal1.mtx,17880,17880,430740,0.00134735,6,0.000130,861480,6.639657,3.70
FEM_3D_thermal1.mtx,17880,17880,430740,0.00134735,7,0.000155,861480,5.555782,3.09
FEM_3D_thermal1.mtx,17880,17880,430740,0.00134735,8,0.000135,861480,6.383520,3.55
FEM_3D_thermal1.mtx,17880,17880,430740,0.00134735,9,0.000170,861480,5.066575,2.82
FEM_3D_thermal1.mtx,17880,17880,430740,0.00134735,10,0.000119,861480,7.239145,4.03
FEM_3D_thermal1.mtx,17880,17880,430740,0.00134735,11,0.000110,861480,7.826077,4.36
FEM_3D_thermal1.mtx,17880,17880,430740,0.00134735,12,0.000123,861480,7.021060,3.91
FEM_3D_thermal1.mtx,17880,17880,430740,0.00134735,13,0.000120,861480,7.191531,4.00
FEM_3D_thermal1.mtx,17880,17880,430740,0.00134735,14,0.000110,861480,7.848788,4.37
FEM_3D_thermal1.mtx,17880,17880,430740,0.00134735,15,0.000114,861480,7.553514,4.20
FEM_3D_thermal1.mtx,17880,17880,430740,0.00134735,16,0.000112,861480,7.672969,4.27
FEM_3D_thermal1.mtx,17880,17880,430740,0.00134735,17,0.000103,861480,8.346293,4.65
FEM_3D_thermal1.mtx,17880,17880,430740,0.00134735,18,0.000100,861480,8.600957,4.79
FEM_3D_thermal1.mtx,17880,17880,430740,0.00134735,19,0.000097,861480,8.837324,4.92
FEM_3D_thermal1.mtx,17880,17880,430740,0.00134735,20,0.000106,861480,8.100029,4.51
FEM_3D_thermal1.mtx,17880,17880,430740,0.00134735,21,0.000100,861480,8.647068,4.81
FEM_3D_thermal1.mtx,17880,17880,430740,0.00134735,22,0.000126,861480,6.812819,3.79
FEM_3D_thermal1.mtx,17880,17880,430740,0.00134735,23,0.000520,861480,1.657550,0.92
FEM_3D_thermal1.mtx,17880,17880,430740,0.00134735,24,0.000460,861480,1.870753,1.04
FEM_3D_thermal1.mtx,17880,17880,430740,0.00134735,25,0.000385,861480,2.237562,1.25
FEM_3D_thermal1.mtx,17880,17880,430740,0.00134735,26,0.001316,861480,0.654704,0.36
FEM_3D_thermal1.mtx,17880,17880,430740,0.00134735,27,0.001230,861480,0.700551,0.39
FEM_3D_thermal1.mtx,17880,17880,430740,0.00134735,28,0.000202,861480,4.267160,2.38
FEM_3D_thermal1.mtx,17880,17880,430740,0.00134735,29,0.002117,861480,0.406848,0.23
FEM_3D_thermal1.mtx,17880,17880,430740,0.00134735,30,0.002066,861480,0.416991,0.23
FEM_3D_thermal1.mtx,17880,17880,430740,0.00134735,31,0.001014,861480,0.849969,0.47
FEM_3D_thermal1.mtx,17880,17880,430740,0.00134735,32,0.000979,861480,0.879675,0.49
FEM_3D_thermal1.mtx,17880,17880,430740,0.00134735,33,0.000997,861480,0.864222,0.48
FEM_3D_thermal1.mtx,17880,17880,430740,0.00134735,34,0.000161,861480,5.352803,2.98
FEM_3D_thermal1.mtx,17880,17880,430740,0.00134735,35,0.000171,861480,5.042793,2.81
FEM_3D_thermal1.mtx,17880,17880,430740,0.00134735,36,0.000166,861480,5.202076,2.90
FEM_3D_thermal1.mtx,17880,17880,430740,0.00134735,37,0.000175,861480,4.924966,2.74
FEM_3D_thermal1.mtx,17880,17880,430740,0.00134735,38,0.000172,861480,5.008512,2.79
FEM_3D_thermal1.mtx,17880,17880,430740,0.00134735,39,0.000190,861480,4.523671,2.52
FEM_3D_thermal1.mtx,17880,17880,430740,0.00134735,40,0.000195,861480,4.413560,2.46
ML_Laplace.mtx,377002,377002,27689972,0.06982063,2,0.022985,55379944,2.409441,1.34
ML_Laplace.mtx,377002,377002,27689972,0.06982063,3,0.016534,55379944,3.349518,1.86
ML_Laplace.mtx,377002,377002,27689972,0.06982063,4,0.014227,55379944,3.892647,2.16
ML_Laplace.mtx,377002,377002,27689972,0.06982063,5,0.012966,55379944,4.271301,2.37
ML_Laplace.mtx,377002,377002,27689972,0.06982063,6,0.012255,55379944,4.518888,2.51
ML_Laplace.mtx,377002,377002,27689972,0.06982063,7,0.011967,55379944,4.627714,2.57
ML_Laplace.mtx,377002,377002,27689972,0.06982063,8,0.011504,55379944,4.813956,2.67
ML_Laplace.mtx,377002,377002,27689972,0.06982063,9,0.011247,55379944,4.923988,2.73
ML_Laplace.mtx,377002,377002,27689972,0.06982063,10,0.011982,55379944,4.622077,2.56
ML_Laplace.mtx,377002,377002,27689972,0.06982063,11,0.011952,55379944,4.633407,2.57
ML_Laplace.mtx,377002,377002,27689972,0.06982063,12,0.011876,55379944,4.663073,2.59
ML_Laplace.mtx,377002,377002,27689972,0.06982063,13,0.012701,55379944,4.360435,2.42
ML_Laplace.mtx,377002,377002,27689972,0.06982063,14,0.012283,55379944,4.508779,2.50
ML_Laplace.mtx,377002,377002,27689972,0.06982063,15,0.011750,55379944,4.713342,2.62
ML_Laplace.mtx,377002,377002,27689972,0.06982063,16,0.012349,55379944,4.484721,2.49
ML_Laplace.mtx,377002,377002,27689972,0.06982063,17,0.012183,55379944,4.545634,2.52
ML_Laplace.mtx,377002,377002,27689972,0.06982063,18,0.012084,55379944,4.582741,2.54
ML_Laplace.mtx,377002,377002,27689972,0.06982063,19,0.011968,55379944,4.627383,2.57
ML_Laplace.mtx,377002,377002,27689972,0.06982063,20,0.012115,55379944,4.571044,2.54
ML_Laplace.mtx,377002,377002,27689972,0.06982063,21,0.012339,55379944,4.488127,2.49
ML_Laplace.mtx,377002,377002,27689972,0.06982063,22,0.012256,55379944,4.518610,2.51
ML_Laplace.mtx,377002,377002,27689972,0.06982063,23,0.012173,55379944,4.549353,2.52
ML_Laplace.mtx,377002,377002,27689972,0.06982063,24,0.012123,55379944,4.568172,2.53
ML_Laplace.mtx,377002,377002,27689972,0.06982063,25,0.012499,55379944,4.430892,2.46
ML_Laplace.mtx,377002,377002,27689972,0.06982063,26,0.013313,55379944,4.159726,2.31
ML_Laplace.mtx,377002,377002,27689972,0.06982063,27,0.013180,55379944,4.201947,2.33
ML_Laplace.mtx,377002,377002,27689972,0.06982063,28,0.013527,55379944,4.094086,2.27
ML_Laplace.mtx,377002,377002,27689972,0.06982063,29,0.013741,55379944,4.030203,2.24
ML_Laplace.mtx,377002,377002,27689972,0.06982063,30,0.014050,55379944,3.941657,2.19
ML_Laplace.mtx,377002,377002,27689972,0.06982063,31,0.014307,55379944,3.870856,2.15
ML_Laplace.mtx,377002,377002,27689972,0.06982063,32,0.014491,55379944,3.821621,2.12
ML_Laplace.mtx,377002,377002,27689972,0.06982063,33,0.014772,55379944,3.749065,2.08
ML_Laplace.mtx,377002,377002,27689972,0.06982063,34,0.014919,55379944,3.712108,2.06
ML_Laplace.mtx,377002,377002,27689972,0.06982063,35,0.015196,55379944,3.644324,2.02
ML_Laplace.mtx,377002,377002,27689972,0.06982063,36,0.015336,55379944,3.611185,2.00
ML_Laplace.mtx,377002,377002,27689972,0.06982063,37,0.015793,55379944,3.506596,1.95
ML_Laplace.mtx,377002,377002,27689972,0.06982063,38,0.015811,55379944,3.502551,1.94
ML_Laplace.mtx,377002,377002,27689972,0.06982063,39,0.015801,55379944,3.504789,1.94
ML_Laplace.mtx,377002,377002,27689972,0.06982063,40,0.016026,55379944,3.455563,1.92
PR02R.mtx,161070,161070,8185136,0.04711110,2,0.007069,16370272,2.315811,1.37
PR02R.mtx,161070,161070,8185136,0.04711110,3,0.005287,16370272,3.096452,1.83
PR02R.mtx,161070,161070,8185136,0.04711110,4,0.004338,16370272,3.774114,2.23
PR02R.mtx,161070,161070,8185136,0.04711110,5,0.003917,16370272,4.178808,2.47
PR02R.mtx,161070,161070,8185136,0.04711110,6,0.003640,16370272,4.497656,2.66
PR02R.mtx,161070,161070,8185136,0.04711110,7,0.003647,16370272,4.488269,2.65
PR02R.mtx,161070,161070,8185136,0.04711110,8,0.003529,16370272,4.639046,2.74
PR02R.mtx,161070,161070,8185136,0.04711110,9,0.003434,16370272,4.766619,2.82
PR02R.mtx,161070,161070,8185136,0.04711110,10,0.003335,16370272,4.908781,2.90
PR02R.mtx,161070,161070,8185136,0.04711110,11,0.003302,16370272,4.957215,2.93
PR02R.mtx,161070,161070,8185136,0.04711110,12,0.003602,16370272,4.545338,2.69
PR02R.mtx,161070,161070,8185136,0.04711110,13,0.003534,16370272,4.632691,2.74
PR02R.mtx,161070,161070,8185136,0.04711110,14,0.003733,16370272,4.385500,2.59
PR02R.mtx,161070,161070,8185136,0.04711110,15,0.003569,16370272,4.586581,2.71
PR02R.mtx,161070,161070,8185136,0.04711110,16,0.003495,16370272,4.684058,2.77
PR02R.mtx,161070,161070,8185136,0.04711110,17,0.003482,16370272,4.702026,2.78
PR02R.mtx,161070,161070,8185136,0.04711110,18,0.003449,16370272,4.745868,2.81
PR02R.mtx,161070,161070,8185136,0.04711110,19,0.003409,16370272,4.801931,2.84
PR02R.mtx,161070,161070,8185136,0.04711110,20,0.003415,16370272,4.793014,2.83
PR02R.mtx,161070,161070,8185136,0.04711110,21,0.003417,16370272,4.790400,2.83
PR02R.mtx,161070,161070,8185136,0.04711110,22,0.003519,16370272,4.651973,2.75
PR02R.mtx,161070,161070,8185136,0.04711110,23,0.003558,16370272,4.601094,2.72
PR02R.mtx,161070,161070,8185136,0.04711110,24,0.003730,16370272,4.388436,2.59
PR02R.mtx,161070,161070,8185136,0.04711110,25,0.003731,16370272,4.387221,2.59
PR02R.mtx,161070,161070,8185136,0.04711110,26,0.003799,16370272,4.309243,2.55
PR02R.mtx,161070,161070,8185136,0.04711110,27,0.003985,16370272,4.108287,2.43
PR02R.mtx,161070,161070,8185136,0.04711110,28,0.003978,16370272,4.115150,2.43
PR02R.mtx,161070,161070,8185136,0.04711110,29,0.004073,16370272,4.018872,2.38
PR02R.mtx,161070,161070,8185136,0.04711110,30,0.004217,16370272,3.882309,2.30
PR02R.mtx,161070,161070,8185136,0.04711110,31,0.004308,16370272,3.799971,2.25
PR02R.mtx,161070,161070,8185136,0.04711110,32,0.004362,16370272,3.752533,2.22
PR02R.mtx,161070,161070,8185136,0.04711110,33,0.004352,16370272,3.761398,2.22
PR02R.mtx,161070,161070,8185136,0.04711110,34,0.004564,16370272,3.586983,2.12
PR02R.mtx,161070,161070,8185136,0.04711110,35,0.004444,16370272,3.683878,2.18
PR02R.mtx,161070,161070,8185136,0.04711110,36,0.004572,16370272,3.580682,2.12
PR02R.mtx,161070,161070,8185136,0.04711110,37,0.004623,16370272,3.541239,2.09
PR02R.mtx,161070,161070,8185136,0.04711110,38,0.004601,16370272,3.557661,2.10
PR02R.mtx,161070,161070,8185136,0.04711110,39,0.004708,16370272,3.476920,2.06
PR02R.mtx,161070,161070,8185136,0.04711110,40,0.004766,16370272,3.434509,2.03
adder_dcop_32.mtx,1813,1813,11246,0.00342139,2,0.000200,22492,0.112694,0.13
adder_dcop_32.mtx,1813,1813,11246,0.00342139,3,0.001449,22492,0.015523,0.02
adder_dcop_32.mtx,1813,1813,11246,0.00342139,4,0.000034,22492,0.669409,0.75
adder_dcop_32.mtx,1813,1813,11246,0.00342139,5,0.000034,22492,0.665113,0.75
adder_dcop_32.mtx,1813,1813,11246,0.00342139,6,0.000031,22492,0.723072,0.81
adder_dcop_32.mtx,1813,1813,11246,0.00342139,7,0.000056,22492,0.402859,0.45
adder_dcop_32.mtx,1813,1813,11246,0.00342139,8,0.000045,22492,0.504636,0.57
adder_dcop_32.mtx,1813,1813,11246,0.00342139,9,0.000011,22492,2.075507,2.33
adder_dcop_32.mtx,1813,1813,11246,0.00342139,10,0.000049,22492,0.458318,0.51
adder_dcop_32.mtx,1813,1813,11246,0.00342139,11,0.000055,22492,0.409131,0.46
adder_dcop_32.mtx,1813,1813,11246,0.00342139,12,0.000051,22492,0.441559,0.50
adder_dcop_32.mtx,1813,1813,11246,0.00342139,13,0.000059,22492,0.380606,0.43
adder_dcop_32.mtx,1813,1813,11246,0.00342139,14,0.000051,22492,0.438130,0.49
adder_dcop_32.mtx,1813,1813,11246,0.00342139,15,0.000047,22492,0.477143,0.54
adder_dcop_32.mtx,1813,1813,11246,0.00342139,16,0.000047,22492,0.480017,0.54
adder_dcop_32.mtx,1813,1813,11246,0.00342139,17,0.000013,22492,1.793917,2.02
adder_dcop_32.mtx,1813,1813,11246,0.00342139,18,0.000045,22492,0.495224,0.56
adder_dcop_32.mtx,1813,1813,11246,0.00342139,19,0.000057,22492,0.392840,0.44
adder_dcop_32.mtx,1813,1813,11246,0.00342139,20,0.000048,22492,0.468689,0.53
adder_dcop_32.mtx,1813,1813,11246,0.00342139,21,0.000058,22492,0.388364,0.44
adder_dcop_32.mtx,1813,1813,11246,0.00342139,22,0.000052,22492,0.435005,0.49
adder_dcop_32.mtx,1813,1813,11246,0.00342139,23,0.000052,22492,0.436534,0.49
adder_dcop_32.mtx,1813,1813,11246,0.00342139,24,0.001668,22492,0.013484,0.02
adder_dcop_32.mtx,1813,1813,11246,0.00342139,25,0.000014,22492,1.584269,1.78
adder_dcop_32.mtx,1813,1813,11246,0.00342139,26,0.004820,22492,0.004666,0.01
adder_dcop_32.mtx,1813,1813,11246,0.00342139,27,0.004914,22492,0.004577,0.01
adder_dcop_32.mtx,1813,1813,11246,0.00342139,28,0.000941,22492,0.023890,0.03
adder_dcop_32.mtx,1813,1813,11246,0.00342139,29,0.000904,22492,0.024885,0.03
adder_dcop_32.mtx,1813,1813,11246,0.00342139,30,0.000900,22492,0.024995,0.03
adder_dcop_32.mtx,1813,1813,11246,0.00342139,31,0.001898,22492,0.011848,0.01
adder_dcop_32.mtx,1813,1813,11246,0.00342139,32,0.000910,22492,0.024704,0.03
adder_dcop_32.mtx,1813,1813,11246,0.00342139,33,0.004887,22492,0.004603,0.01
adder_dcop_32.mtx,1813,1813,11246,0.00342139,34,0.000017,22492,1.331345,1.50
adder_dcop_32.mtx,1813,1813,11246,0.00342139,35,0.001792,22492,0.012551,0.01
adder_dcop_32.mtx,1813,1813,11246,0.00342139,36,0.000961,22492,0.023396,0.03
adder_dcop_32.mtx,1813,1813,11246,0.00342139,37,0.000892,22492,0.025202,0.03
adder_dcop_32.mtx,1813,1813,11246,0.00342139,38,0.000855,22492,0.026308,0.03
adder_dcop_32.mtx,1813,1813,11246,0.00342139,39,0.000907,22492,0.024788,0.03
adder_dcop_32.mtx,1813,1813,11246,0.00342139,40,0.000894,22492,0.025153,0.03
af23560.mtx,23560,23560,484256,0.00087242,2,0.000925,968512,1.046616,0.59
af23560.mtx,23560,23560,484256,0.00087242,3,0.000297,968512,3.259137,1.84
af23560.mtx,23560,23560,484256,0.00087242,4,0.000213,968512,4.537531,2.56
af23560.mtx,23560,23560,484256,0.00087242,5,0.000174,968512,5.567176,3.14
af23560.mtx,23560,23560,484256,0.00087242,6,0.000168,968512,5.758954,3.25
af23560.mtx,23560,23560,484256,0.00087242,7,0.000190,968512,5.108209,2.88
af23560.mtx,23560,23560,484256,0.00087242,8,0.000145,968512,6.685343,3.77
af23560.mtx,23560,23560,484256,0.00087242,9,0.000187,968512,5.179782,2.92
af23560.mtx,23560,23560,484256,0.00087242,10,0.000178,968512,5.429886,3.06
af23560.mtx,23560,23560,484256,0.00087242,11,0.000130,968512,7.428960,4.19
af23560.mtx,23560,23560,484256,0.00087242,12,0.000136,968512,7.112785,4.01
af23560.mtx,23560,23560,484256,0.00087242,13,0.000142,968512,6.798851,3.83
af23560.mtx,23560,23560,484256,0.00087242,14,0.000149,968512,6.510255,3.67
af23560.mtx,23560,23560,484256,0.00087242,15,0.000126,968512,7.666033,4.32
af23560.mtx,23560,23560,484256,0.00087242,16,0.000124,968512,7.809436,4.40
af23560.mtx,23560,23560,484256,0.00087242,17,0.000124,968512,7.784212,4.39
af23560.mtx,23560,23560,484256,0.00087242,18,0.000120,968512,8.072187,4.55
af23560.mtx,23560,23560,484256,0.00087242,19,0.000118,968512,8.185475,4.61
af23560.mtx,23560,23560,484256,0.00087242,20,0.000113,968512,8.536241,4.81
af23560.mtx,23560,23560,484256,0.00087242,21,0.000119,968512,8.162602,4.60
af23560.mtx,23560,23560,484256,0.00087242,22,0.001558,968512,0.621750,0.35
af23560.mtx,23560,23560,484256,0.00087242,23,0.001725,968512,0.561520,0.32
af23560.mtx,23560,23560,484256,0.00087242,24,0.001660,968512,0.583510,0.33
af23560.mtx,23560,23560,484256,0.00087242,25,0.001750,968512,0.553486,0.31
af23560.mtx,23560,23560,484256,0.00087242,26,0.001658,968512,0.583981,0.33
af23560.mtx,23560,23560,484256,0.00087242,27,0.001603,968512,0.604193,0.34
af23560.mtx,23560,23560,484256,0.00087242,28,0.001109,968512,0.873627,0.49
af23560.mtx,23560,23560,484256,0.00087242,29,0.001454,968512,0.666315,0.38
af23560.mtx,23560,23560,484256,0.00087242,30,0.000265,968512,3.655341,2.06
af23560.mtx,23560,23560,484256,0.00087242,31,0.000252,968512,3.837847,2.16
af23560.mtx,23560,23560,484256,0.00087242,32,0.000211,968512,4.581894,2.58
af23560.mtx,23560,23560,484256,0.00087242,33,0.000213,968512,4.552220,2.57
af23560.mtx,23560,23560,484256,0.00087242,34,0.000222,968512,4.360703,2.46
af23560.mtx,23560,23560,484256,0.00087242,35,0.000241,968512,4.010582,2.26
af23560.mtx,23560,23560,484256,0.00087242,36,0.000224,968512,4.330767,2.44
af23560.mtx,23560,23560,484256,0.00087242,37,0.000238,968512,4.075319,2.30
af23560.mtx,23560,23560,484256,0.00087242,38,0.000243,968512,3.977464,2.24
af23560.mtx,23560,23560,484256,0.00087242,39,0.000238,968512,4.065537,2.29
af23560.mtx,23560,23560,484256,0.00087242,40,0.000242,968512,4.006302,2.26
af_1_k101.mtx,503625,503625,17550675,0.07466143,2,0.015160,35101350,2.315337,1.48
af_1_k101.mtx,503625,503625,17550675,0.07466143,3,0.011233,35101350,3.124764,2.00
af_1_k101.mtx,503625,503625,17550675,0.07466143,4,0.009360,35101350,3.750004,2.40
af_1_k101.mtx,503625,503625,17550675,0.07466143,5,0.008480,35101350,4.139248,2.65
af_1_k101.mtx,503625,503625,17550675,0.07466143,6,0.008001,35101350,4.387284,2.81
af_1_k101.mtx,503625,503625,17550675,0.07466143,7,0.007671,35101350,4.575951,2.93
af_1_k101.mtx,503625,503625,17550675,0.07466143,8,0.007461,35101350,4.704519,3.02
af_1_k101.mtx,503625,503625,17550675,0.07466143,9,0.007331,35101350,4.788106,3.07
af_1_k101.mtx,503625,503625,17550675,0.07466143,10,0.007859,35101350,4.466539,2.86
af_1_k101.mtx,503625,503625,17550675,0.07466143,11,0.007753,35101350,4.527721,2.90
af_1_k101.mtx,503625,503625,17550675,0.07466143,12,0.007701,35101350,4.557846,2.92
af_1_k101.mtx,503625,503625,17550675,0.07466143,13,0.008385,35101350,4.186249,2.68
af_1_k101.mtx,503625,503625,17550675,0.07466143,14,0.007996,35101350,4.390002,2.82
af_1_k101.mtx,503625,503625,17550675,0.07466143,15,0.008398,35101350,4.179508,2.68
af_1_k101.mtx,503625,503625,17550675,0.07466143,16,0.008077,35101350,4.345975,2.79
af_1_k101.mtx,503625,503625,17550675,0.07466143,17,0.007911,35101350,4.437173,2.85
af_1_k101.mtx,503625,503625,17550675,0.07466143,18,0.007806,35101350,4.496819,2.88
af_1_k101.mtx,503625,503625,17550675,0.07466143,19,0.008052,35101350,4.359353,2.80
af_1_k101.mtx,503625,503625,17550675,0.07466143,20,0.008024,35101350,4.374440,2.81
af_1_k101.mtx,503625,503625,17550675,0.07466143,21,0.008042,35101350,4.364962,2.80
af_1_k101.mtx,503625,503625,17550675,0.07466143,22,0.007979,35101350,4.399118,2.82
af_1_k101.mtx,503625,503625,17550675,0.07466143,23,0.008032,35101350,4.370236,2.80
af_1_k101.mtx,503625,503625,17550675,0.07466143,24,0.007932,35101350,4.425096,2.84
af_1_k101.mtx,503625,503625,17550675,0.07466143,25,0.008193,35101350,4.284357,2.75
af_1_k101.mtx,503625,503625,17550675,0.07466143,26,0.008418,35101350,4.169672,2.67
af_1_k101.mtx,503625,503625,17550675,0.07466143,27,0.008590,35101350,4.086142,2.62
af_1_k101.mtx,503625,503625,17550675,0.07466143,28,0.008772,35101350,4.001734,2.57
af_1_k101.mtx,503625,503625,17550675,0.07466143,29,0.008951,35101350,3.921475,2.51
af_1_k101.mtx,503625,503625,17550675,0.07466143,30,0.009069,35101350,3.870548,2.48
af_1_k101.mtx,503625,503625,17550675,0.07466143,31,0.009219,35101350,3.807486,2.44
af_1_k101.mtx,503625,503625,17550675,0.07466143,32,0.009447,35101350,3.715481,2.38
af_1_k101.mtx,503625,503625,17550675,0.07466143,33,0.009525,35101350,3.685066,2.36
af_1_k101.mtx,503625,503625,17550675,0.07466143,34,0.009722,35101350,3.610509,2.32
af_1_k101.mtx,503625,503625,17550675,0.07466143,35,0.009854,35101350,3.561995,2.28
af_1_k101.mtx,503625,503625,17550675,0.07466143,36,0.009954,35101350,3.526239,2.26
af_1_k101.mtx,503625,503625,17550675,0.07466143,37,0.010081,35101350,3.481765,2.23
af_1_k101.mtx,503625,503625,17550675,0.07466143,38,0.010171,35101350,3.450954,2.21
af_1_k101.mtx,503625,503625,17550675,0.07466143,39,0.010315,35101350,3.403024,2.18
af_1_k101.mtx,503625,503625,17550675,0.07466143,40,0.010354,35101350,3.390138,2.17
amazon0302.mtx,262111,262111,1234877,-0.07137846,2,0.004187,2469754,0.589834,0.96
amazon0302.mtx,262111,262111,1234877,-0.07137846,3,0.002136,2469754,1.156112,1.88
amazon0302.mtx,262111,262111,1234877,-0.07137846,4,0.001592,2469754,1.550897,2.52
amazon0302.mtx,262111,262111,1234877,-0.07137846,5,0.001397,2469754,1.767819,2.88
amazon0302.mtx,262111,262111,1234877,-0.07137846,6,0.001167,2469754,2.115818,3.44
amazon0302.mtx,262111,262111,1234877,-0.07137846,7,0.001108,2469754,2.229393,3.63
amazon0302.mtx,262111,262111,1234877,-0.07137846,8,0.000876,2469754,2.817998,4.59
amazon0302.mtx,262111,262111,1234877,-0.07137846,9,0.000889,2469754,2.779564,4.52
amazon0302.mtx,262111,262111,1234877,-0.07137846,10,0.000873,2469754,2.829298,4.61
amazon0302.mtx,262111,262111,1234877,-0.07137846,11,0.000786,2469754,3.143188,5.12
amazon0302.mtx,262111,262111,1234877,-0.07137846,12,0.001019,2469754,2.424705,3.95
amazon0302.mtx,262111,262111,1234877,-0.07137846,13,0.000960,2469754,2.573322,4.19
amazon0302.mtx,262111,262111,1234877,-0.07137846,14,0.000918,2469754,2.690676,4.38
amazon0302.mtx,262111,262111,1234877,-0.07137846,15,0.000864,2469754,2.857142,4.65
amazon0302.mtx,262111,262111,1234877,-0.07137846,16,0.000857,2469754,2.883175,4.69
amazon0302.mtx,262111,262111,1234877,-0.07137846,17,0.000815,2469754,3.029409,4.93
amazon0302.mtx,262111,262111,1234877,-0.07137846,18,0.000804,2469754,3.070924,5.00
amazon0302.mtx,262111,262111,1234877,-0.07137846,19,0.000729,2469754,3.386642,5.51
amazon0302.mtx,262111,262111,1234877,-0.07137846,20,0.000759,2469754,3.253417,5.30
amazon0302.mtx,262111,262111,1234877,-0.07137846,21,0.000706,2469754,3.497392,5.69
amazon0302.mtx,262111,262111,1234877,-0.07137846,22,0.000997,2469754,2.476051,4.03
amazon0302.mtx,262111,262111,1234877,-0.07137846,23,0.001400,2469754,1.764685,2.87
amazon0302.mtx,262111,262111,1234877,-0.07137846,24,0.001473,2469754,1.676868,2.73
amazon0302.mtx,262111,262111,1234877,-0.07137846,25,0.001242,2469754,1.989244,3.24
amazon0302.mtx,262111,262111,1234877,-0.07137846,26,0.001176,2469754,2.100787,3.42
amazon0302.mtx,262111,262111,1234877,-0.07137846,27,0.001235,2469754,2.000140,3.26
amazon0302.mtx,262111,262111,1234877,-0.07137846,28,0.000975,2469754,2.532760,4.12
amazon0302.mtx,262111,262111,1234877,-0.07137846,29,0.001163,2469754,2.124194,3.46
amazon0302.mtx,262111,262111,1234877,-0.07137846,30,0.001896,2469754,1.302487,2.12
amazon0302.mtx,262111,262111,1234877,-0.07137846,31,0.001142,2469754,2.161974,3.52
amazon0302.mtx,262111,262111,1234877,-0.07137846,32,0.000782,2469754,3.159810,5.14
amazon0302.mtx,262111,262111,1234877,-0.07137846,33,0.000886,2469754,2.788408,4.54
amazon0302.mtx,262111,262111,1234877,-0.07137846,34,0.002575,2469754,0.959021,1.56
amazon0302.mtx,262111,262111,1234877,-0.07137846,35,0.000848,2469754,2.912638,4.74
amazon0302.mtx,262111,262111,1234877,-0.07137846,36,0.001254,2469754,1.969280,3.21
amazon0302.mtx,262111,262111,1234877,-0.07137846,37,0.002315,2469754,1.067042,1.74
amazon0302.mtx,262111,262111,1234877,-0.07137846,38,0.001492,2469754,1.654888,2.69
amazon0302.mtx,262111,262111,1234877,-0.07137846,39,0.001425,2469754,1.732630,2.82
amazon0302.mtx,262111,262111,1234877,-0.07137846,40,0.001337,2469754,1.846613,3.01
bcsstk17.mtx,10974,10974,428650,0.00355937,2,0.000835,857300,1.026693,0.61
bcsstk17.mtx,10974,10974,428650,0.00355937,3,0.000267,857300,3.213137,1.92
bcsstk17.mtx,10974,10974,428650,0.00355937,4,0.000195,857300,4.394546,2.63
bcsstk17.mtx,10974,10974,428650,0.00355937,5,0.000160,857300,5.367175,3.21
bcsstk17.mtx,10974,10974,428650,0.00355937,6,0.000138,857300,6.205843,3.71
bcsstk17.mtx,10974,10974,428650,0.00355937,7,0.000154,857300,5.575101,3.34
bcsstk17.mtx,10974,10974,428650,0.00355937,8,0.000134,857300,6.401472,3.83
bcsstk17.mtx,10974,10974,428650,0.00355937,9,0.000126,857300,6.821008,4.08
bcsstk17.mtx,10974,10974,428650,0.00355937,10,0.000126,857300,6.783185,4.06
bcsstk17.mtx,10974,10974,428650,0.00355937,11,0.000113,857300,7.619905,4.56
bcsstk17.mtx,10974,10974,428650,0.00355937,12,0.000117,857300,7.335513,4.39
bcsstk17.mtx,10974,10974,428650,0.00355937,13,0.000130,857300,6.595416,3.95
bcsstk17.mtx,10974,10974,428650,0.00355937,14,0.000116,857300,7.406904,4.43
bcsstk17.mtx,10974,10974,428650,0.00355937,15,0.000113,857300,7.599492,4.55
bcsstk17.mtx,10974,10974,428650,0.00355937,16,0.000112,857300,7.669105,4.59
bcsstk17.mtx,10974,10974,428650,0.00355937,17,0.000113,857300,7.597140,4.55
bcsstk17.mtx,10974,10974,428650,0.00355937,18,0.000109,857300,7.840409,4.69
bcsstk17.mtx,10974,10974,428650,0.00355937,19,0.000106,857300,8.100877,4.85
bcsstk17.mtx,10974,10974,428650,0.00355937,20,0.000105,857300,8.157338,4.88
bcsstk17.mtx,10974,10974,428650,0.00355937,21,0.000109,857300,7.876401,4.71
bcsstk17.mtx,10974,10974,428650,0.00355937,22,0.000231,857300,3.713881,2.22
bcsstk17.mtx,10974,10974,428650,0.00355937,23,0.000551,857300,1.557280,0.93
bcsstk17.mtx,10974,10974,428650,0.00355937,24,0.000466,857300,1.840613,1.10
bcsstk17.mtx,10974,10974,428650,0.00355937,25,0.000432,857300,1.985681,1.19
bcsstk17.mtx,10974,10974,428650,0.00355937,26,0.001363,857300,0.628989,0.38
bcsstk17.mtx,10974,10974,428650,0.00355937,27,0.000367,857300,2.334802,1.40
bcsstk17.mtx,10974,10974,428650,0.00355937,28,0.001267,857300,0.676422,0.40
bcsstk17.mtx,10974,10974,428650,0.00355937,29,0.001178,857300,0.727959,0.44
bcsstk17.mtx,10974,10974,428650,0.00355937,30,0.000174,857300,4.913404,2.94
bcsstk17.mtx,10974,10974,428650,0.00355937,31,0.002383,857300,0.359725,0.22
bcsstk17.mtx,10974,10974,428650,0.00355937,32,0.000807,857300,1.062291,0.64
bcsstk17.mtx,10974,10974,428650,0.00355937,33,0.001058,857300,0.810626,0.49
bcsstk17.mtx,10974,10974,428650,0.00355937,34,0.000204,857300,4.203993,2.52
bcsstk17.mtx,10974,10974,428650,0.00355937,35,0.000176,857300,4.881033,2.92
bcsstk17.mtx,10974,10974,428650,0.00355937,36,0.000178,857300,4.812315,2.88
bcsstk17.mtx,10974,10974,428650,0.00355937,37,0.000177,857300,4.842772,2.90
bcsstk17.mtx,10974,10974,428650,0.00355937,38,0.000188,857300,4.561936,2.73
bcsstk17.mtx,10974,10974,428650,0.00355937,39,0.000183,857300,4.690494,2.81
bcsstk17.mtx,10974,10974,428650,0.00355937,40,0.000194,857300,4.421448,2.65
cage4.mtx,9,9,49,0.60493827,2,0.000006,98,0.015411,0.05
cage4.mtx,9,9,49,0.60493827,3,0.001278,98,0.000077,0.00
cage4.mtx,9,9,49,0.60493827,4,0.000048,98,0.002033,0.01
cage4.mtx,9,9,49,0.60493827,5,0.000045,98,0.002178,0.01
cage4.mtx,9,9,49,0.60493827,6,0.000003,98,0.029287,0.10
cage4.mtx,9,9,49,0.60493827,7,0.000003,98,0.033485,0.12
cage4.mtx,9,9,49,0.60493827,8,0.000041,98,0.002401,0.01
cage4.mtx,9,9,49,0.60493827,9,0.000069,98,0.001421,0.00
cage4.mtx,9,9,49,0.60493827,10,0.000004,98,0.022554,0.08
cage4.mtx,9,9,49,0.60493827,11,0.000004,98,0.023306,0.08
cage4.mtx,9,9,49,0.60493827,12,0.000005,98,0.020868,0.07
cage4.mtx,9,9,49,0.60493827,13,0.000004,98,0.024785,0.09
cage4.mtx,9,9,49,0.60493827,14,0.000004,98,0.025135,0.09
cage4.mtx,9,9,49,0.60493827,15,0.000004,98,0.023433,0.08
cage4.mtx,9,9,49,0.60493827,16,0.000004,98,0.024698,0.08
cage4.mtx,9,9,49,0.60493827,17,0.000003,98,0.029438,0.10
cage4.mtx,9,9,49,0.60493827,18,0.000005,98,0.021460,0.07
cage4.mtx,9,9,49,0.60493827,19,0.000005,98,0.020347,0.07
cage4.mtx,9,9,49,0.60493827,20,0.000005,98,0.017995,0.06
cage4.mtx,9,9,49,0.60493827,21,0.000005,98,0.018950,0.07
cage4.mtx,9,9,49,0.60493827,22,0.000005,98,0.020841,0.07
cage4.mtx,9,9,49,0.60493827,23,0.000004,98,0.024698,0.08
cage4.mtx,9,9,49,0.60493827,24,0.000005,98,0.020506,0.07
cage4.mtx,9,9,49,0.60493827,25,0.000005,98,0.018226,0.06
cage4.mtx,9,9,49,0.60493827,26,0.000005,98,0.020837,0.07
cage4.mtx,9,9,49,0.60493827,27,0.000004,98,0.023562,0.08
cage4.mtx,9,9,49,0.60493827,28,0.000004,98,0.027889,0.10
cage4.mtx,9,9,49,0.60493827,29,0.000004,98,0.025937,0.09
cage4.mtx,9,9,49,0.60493827,30,0.000004,98,0.026043,0.09
cage4.mtx,9,9,49,0.60493827,31,0.000004,98,0.023937,0.08
cage4.mtx,9,9,49,0.60493827,32,0.000004,98,0.025835,0.09
cage4.mtx,9,9,49,0.60493827,33,0.000003,98,0.029805,0.10
cage4.mtx,9,9,49,0.60493827,34,0.000004,98,0.023301,0.08
cage4.mtx,9,9,49,0.60493827,35,0.000004,98,0.023891,0.08
cage4.mtx,9,9,49,0.60493827,36,0.000004,98,0.023861,0.08
cage4.mtx,9,9,49,0.60493827,37,0.000004,98,0.025298,0.09
cage4.mtx,9,9,49,0.60493827,38,0.000003,98,0.029979,0.10
cage4.mtx,9,9,49,0.60493827,39,0.000004,98,0.027629,0.10
cage4.mtx,9,9,49,0.60493827,40,0.000004,98,0.026248,0.09
cant.mtx,62451,62451,4007383,-0.01014939,2,0.003484,8014766,2.300208,1.61
cant.mtx,62451,62451,4007383,-0.01014939,3,0.002867,8014766,2.795409,1.96
cant.mtx,62451,62451,4007383,-0.01014939,4,0.002086,8014766,3.841785,2.69
cant.mtx,62451,62451,4007383,-0.01014939,5,0.001880,8014766,4.263901,2.98
cant.mtx,62451,62451,4007383,-0.01014939,6,0.001747,8014766,4.586591,3.21
cant.mtx,62451,62451,4007383,-0.01014939,7,0.001576,8014766,5.086472,3.56
cant.mtx,62451,62451,4007383,-0.01014939,8,0.001491,8014766,5.373841,3.76
cant.mtx,62451,62451,4007383,-0.01014939,9,0.001535,8014766,5.221621,3.65
cant.mtx,62451,62451,4007383,-0.01014939,10,0.001437,8014766,5.578745,3.90
cant.mtx,62451,62451,4007383,-0.01014939,11,0.001497,8014766,5.355224,3.75
cant.mtx,62451,62451,4007383,-0.01014939,12,0.001471,8014766,5.448382,3.81
cant.mtx,62451,62451,4007383,-0.01014939,13,0.001462,8014766,5.483508,3.84
cant.mtx,62451,62451,4007383,-0.01014939,14,0.001461,8014766,5.487574,3.84
cant.mtx,62451,62451,4007383,-0.01014939,15,0.001429,8014766,5.609451,3.92
cant.mtx,62451,62451,4007383,-0.01014939,16,0.001426,8014766,5.620528,3.93
cant.mtx,62451,62451,4007383,-0.01014939,17,0.001432,8014766,5.597338,3.92
cant.mtx,62451,62451,4007383,-0.01014939,18,0.001435,8014766,5.586717,3.91
cant.mtx,62451,62451,4007383,-0.01014939,19,0.001411,8014766,5.680331,3.97
cant.mtx,62451,62451,4007383,-0.01014939,20,0.001396,8014766,5.739445,4.01
cant.mtx,62451,62451,4007383,-0.01014939,21,0.001359,8014766,5.898424,4.13
cant.mtx,62451,62451,4007383,-0.01014939,22,0.001432,8014766,5.595294,3.91
cant.mtx,62451,62451,4007383,-0.01014939,23,0.001526,8014766,5.251442,3.67
cant.mtx,62451,62451,4007383,-0.01014939,24,0.001441,8014766,5.561302,3.89
cant.mtx,62451,62451,4007383,-0.01014939,25,0.001472,8014766,5.444352,3.81
cant.mtx,62451,62451,4007383,-0.01014939,26,0.001427,8014766,5.615338,3.93
cant.mtx,62451,62451,4007383,-0.01014939,27,0.001429,8014766,5.610074,3.92
cant.mtx,62451,62451,4007383,-0.01014939,28,0.001415,8014766,5.662501,3.96
cant.mtx,62451,62451,4007383,-0.01014939,29,0.001436,8014766,5.583043,3.91
cant.mtx,62451,62451,4007383,-0.01014939,30,0.001513,8014766,5.295822,3.70
cant.mtx,62451,62451,4007383,-0.01014939,31,0.001568,8014766,5.111305,3.58
cant.mtx,62451,62451,4007383,-0.01014939,32,0.001520,8014766,5.271876,3.69
cant.mtx,62451,62451,4007383,-0.01014939,33,0.001525,8014766,5.254375,3.68
cant.mtx,62451,62451,4007383,-0.01014939,34,0.001534,8014766,5.223189,3.65
cant.mtx,62451,62451,4007383,-0.01014939,35,0.001602,8014766,5.001796,3.50
cant.mtx,62451,62451,4007383,-0.01014939,36,0.001518,8014766,5.279230,3.69
cant.mtx,62451,62451,4007383,-0.01014939,37,0.001579,8014766,5.075853,3.55
cant.mtx,62451,62451,4007383,-0.01014939,38,0.001579,8014766,5.076421,3.55
cant.mtx,62451,62451,4007383,-0.01014939,39,0.001622,8014766,4.941800,3.46
cant.mtx,62451,62451,4007383,-0.01014939,40,0.012065,8014766,0.664288,0.46
cavity10.mtx,2597,2597,76367,0.01132301,2,0.000315,152734,0.484587,0.28
cavity10.mtx,2597,2597,76367,0.01132301,3,0.000131,152734,1.166175,0.68
cavity10.mtx,2597,2597,76367,0.01132301,4,0.000075,152734,2.028346,1.19
cavity10.mtx,2597,2597,76367,0.01132301,5,0.000066,152734,2.305302,1.35
cavity10.mtx,2597,2597,76367,0.01132301,6,0.000057,152734,2.695544,1.58
cavity10.mtx,2597,2597,76367,0.01132301,7,0.000056,152734,2.735264,1.60
cavity10.mtx,2597,2597,76367,0.01132301,8,0.000138,152734,1.109230,0.65
cavity10.mtx,2597,2597,76367,0.01132301,9,0.000081,152734,1.878533,1.10
cavity10.mtx,2597,2597,76367,0.01132301,10,0.000069,152734,2.200090,1.29
cavity10.mtx,2597,2597,76367,0.01132301,11,0.000071,152734,2.154509,1.26
cavity10.mtx,2597,2597,76367,0.01132301,12,0.000062,152734,2.444960,1.43
cavity10.mtx,2597,2597,76367,0.01132301,13,0.000074,152734,2.073128,1.21
cavity10.mtx,2597,2597,76367,0.01132301,14,0.000097,152734,1.581524,0.93
cavity10.mtx,2597,2597,76367,0.01132301,15,0.000072,152734,2.133570,1.25
cavity10.mtx,2597,2597,76367,0.01132301,16,0.000081,152734,1.880968,1.10
cavity10.mtx,2597,2597,76367,0.01132301,17,0.000071,152734,2.144507,1.26
cavity10.mtx,2597,2597,76367,0.01132301,18,0.000078,152734,1.959342,1.15
cavity10.mtx,2597,2597,76367,0.01132301,19,0.000073,152734,2.085453,1.22
cavity10.mtx,2597,2597,76367,0.01132301,20,0.000078,152734,1.966118,1.15
cavity10.mtx,2597,2597,76367,0.01132301,21,0.000079,152734,1.944543,1.14
cavity10.mtx,2597,2597,76367,0.01132301,22,0.002731,152734,0.055927,0.03
cavity10.mtx,2597,2597,76367,0.01132301,23,0.000623,152734,0.244969,0.14
cavity10.mtx,2597,2597,76367,0.01132301,24,0.000549,152734,0.278114,0.16
cavity10.mtx,2597,2597,76367,0.01132301,25,0.000568,152734,0.268722,0.16
cavity10.mtx,2597,2597,76367,0.01132301,26,0.000556,152734,0.274619,0.16
cavity10.mtx,2597,2597,76367,0.01132301,27,0.004528,152734,0.033728,0.02
cavity10.mtx,2597,2597,76367,0.01132301,28,0.000544,152734,0.280915,0.16
cavity10.mtx,2597,2597,76367,0.01132301,29,0.001512,152734,0.101014,0.06
cavity10.mtx,2597,2597,76367,0.01132301,30,0.000549,152734,0.278087,0.16
cavity10.mtx,2597,2597,76367,0.01132301,31,0.002480,152734,0.061583,0.04
cavity10.mtx,2597,2597,76367,0.01132301,32,0.001523,152734,0.100265,0.06
cavity10.mtx,2597,2597,76367,0.01132301,33,0.001494,152734,0.102246,0.06
cavity10.mtx,2597,2597,76367,0.01132301,34,0.000503,152734,0.303577,0.18
cavity10.mtx,2597,2597,76367,0.01132301,35,0.000496,152734,0.307957,0.18
cavity10.mtx,2597,2597,76367,0.01132301,36,0.000486,152734,0.314452,0.18
cavity10.mtx,2597,2597,76367,0.01132301,37,0.000490,152734,0.312020,0.18
cavity10.mtx,2597,2597,76367,0.01132301,38,0.000482,152734,0.316997,0.19
cavity10.mtx,2597,2597,76367,0.01132301,39,0.000472,152734,0.323699,0.19
cavity10.mtx,2597,2597,76367,0.01132301,40,0.000483,152734,0.316246,0.19
cop20k_A.mtx,121192,121192,2624331,0.00145586,2,0.003956,5248662,1.326905,1.22
cop20k_A.mtx,121192,121192,2624331,0.00145586,3,0.002264,5248662,2.318221,2.13
cop20k_A.mtx,121192,121192,2624331,0.00145586,4,0.001853,5248662,2.831997,2.60
cop20k_A.mtx,121192,121192,2624331,0.00145586,5,0.001815,5248662,2.892604,2.65
cop20k_A.mtx,121192,121192,2624331,0.00145586,6,0.001512,5248662,3.470814,3.18
cop20k_A.mtx,121192,121192,2624331,0.00145586,7,0.001538,5248662,3.412049,3.13
cop20k_A.mtx,121192,121192,2624331,0.00145586,8,0.001489,5248662,3.524686,3.23
cop20k_A.mtx,121192,121192,2624331,0.00145586,9,0.001318,5248662,3.981427,3.65
cop20k_A.mtx,121192,121192,2624331,0.00145586,10,0.001259,5248662,4.167381,3.82
cop20k_A.mtx,121192,121192,2624331,0.00145586,11,0.001273,5248662,4.124059,3.78
cop20k_A.mtx,121192,121192,2624331,0.00145586,12,0.001308,5248662,4.013212,3.68
cop20k_A.mtx,121192,121192,2624331,0.00145586,13,0.001236,5248662,4.245071,3.89
cop20k_A.mtx,121192,121192,2624331,0.00145586,14,0.001272,5248662,4.125174,3.78
cop20k_A.mtx,121192,121192,2624331,0.00145586,15,0.001170,5248662,4.486934,4.12
cop20k_A.mtx,121192,121192,2624331,0.00145586,16,0.001142,5248662,4.596932,4.22
cop20k_A.mtx,121192,121192,2624331,0.00145586,17,0.001175,5248662,4.465568,4.10
cop20k_A.mtx,121192,121192,2624331,0.00145586,18,0.001990,5248662,2.637865,2.42
cop20k_A.mtx,121192,121192,2624331,0.00145586,19,0.001167,5248662,4.497368,4.13
cop20k_A.mtx,121192,121192,2624331,0.00145586,20,0.001141,5248662,4.600730,4.22
cop20k_A.mtx,121192,121192,2624331,0.00145586,21,0.001118,5248662,4.694348,4.31
cop20k_A.mtx,121192,121192,2624331,0.00145586,22,0.001244,5248662,4.219541,3.87
cop20k_A.mtx,121192,121192,2624331,0.00145586,23,0.001489,5248662,3.525241,3.23
cop20k_A.mtx,121192,121192,2624331,0.00145586,24,0.001253,5248662,4.188848,3.84
cop20k_A.mtx,121192,121192,2624331,0.00145586,25,0.001389,5248662,3.779877,3.47
cop20k_A.mtx,121192,121192,2624331,0.00145586,26,0.001407,5248662,3.730077,3.42
cop20k_A.mtx,121192,121192,2624331,0.00145586,27,0.001403,5248662,3.740937,3.43
cop20k_A.mtx,121192,121192,2624331,0.00145586,28,0.001461,5248662,3.591769,3.29
cop20k_A.mtx,121192,121192,2624331,0.00145586,29,0.001358,5248662,3.865132,3.55
cop20k_A.mtx,121192,121192,2624331,0.00145586,30,0.001359,5248662,3.860736,3.54
cop20k_A.mtx,121192,121192,2624331,0.00145586,31,0.001483,5248662,3.539727,3.25
cop20k_A.mtx,121192,121192,2624331,0.00145586,32,0.001388,5248662,3.781268,3.47
cop20k_A.mtx,121192,121192,2624331,0.00145586,33,0.001448,5248662,3.625563,3.33
cop20k_A.mtx,121192,121192,2624331,0.00145586,34,0.001449,5248662,3.622492,3.32
cop20k_A.mtx,121192,121192,2624331,0.00145586,35,0.001481,5248662,3.544604,3.25
cop20k_A.mtx,121192,121192,2624331,0.00145586,36,0.001477,5248662,3.552825,3.26
cop20k_A.mtx,121192,121192,2624331,0.00145586,37,0.001543,5248662,3.400965,3.12
cop20k_A.mtx,121192,121192,2624331,0.00145586,38,0.001494,5248662,3.512246,3.22
cop20k_A.mtx,121192,121192,2624331,0.00145586,39,0.001539,5248662,3.409542,3.13
cop20k_A.mtx,121192,121192,2624331,0.00145586,40,0.001572,5248662,3.338089,3.06
dc1.mtx,116835,116835,766396,0.00100115,2,0.001156,1532792,1.325958,0.92
dc1.mtx,116835,116835,766396,0.00100115,3,0.000901,1532792,1.701363,1.19
dc1.mtx,116835,116835,766396,0.00100115,4,0.000445,1532792,3.443688,2.40
dc1.mtx,116835,116835,766396,0.00100115,5,0.000329,1532792,4.652338,3.24
dc1.mtx,116835,116835,766396,0.00100115,6,0.000328,1532792,4.676822,3.26
dc1.mtx,116835,116835,766396,0.00100115,7,0.000427,1532792,3.587899,2.50
dc1.mtx,116835,116835,766396,0.00100115,8,0.000513,1532792,2.985612,2.08
dc1.mtx,116835,116835,766396,0.00100115,9,0.000353,1532792,4.339312,3.03
dc1.mtx,116835,116835,766396,0.00100115,10,0.000442,1532792,3.470846,2.42
dc1.mtx,116835,116835,766396,0.00100115,11,0.000292,1532792,5.244581,3.66
dc1.mtx,116835,116835,766396,0.00100115,12,0.000357,1532792,4.297362,3.00
dc1.mtx,116835,116835,766396,0.00100115,13,0.000365,1532792,4.205050,2.93
dc1.mtx,116835,116835,766396,0.00100115,14,0.000249,1532792,6.152908,4.29
dc1.mtx,116835,116835,766396,0.00100115,15,0.000329,1532792,4.653976,3.24
dc1.mtx,116835,116835,766396,0.00100115,16,0.000339,1532792,4.520293,3.15
dc1.mtx,116835,116835,766396,0.00100115,17,0.000340,1532792,4.507190,3.14
dc1.mtx,116835,116835,766396,0.00100115,18,0.000319,1532792,4.802945,3.35
dc1.mtx,116835,116835,766396,0.00100115,19,0.000218,1532792,7.024710,4.90
dc1.mtx,116835,116835,766396,0.00100115,20,0.000312,1532792,4.905107,3.42
dc1.mtx,116835,116835,766396,0.00100115,21,0.000314,1532792,4.876599,3.40
dc1.mtx,116835,116835,766396,0.00100115,22,0.000313,1532792,4.893353,3.41
dc1.mtx,116835,116835,766396,0.00100115,23,0.000308,1532792,4.971066,3.47
dc1.mtx,116835,116835,766396,0.00100115,24,0.000218,1532792,7.017477,4.89
dc1.mtx,116835,116835,766396,0.00100115,25,0.004931,1532792,0.310828,0.22
dc1.mtx,116835,116835,766396,0.00100115,26,0.005401,1532792,0.283816,0.20
dc1.mtx,116835,116835,766396,0.00100115,27,0.001714,1532792,0.894479,0.62
dc1.mtx,116835,116835,766396,0.00100115,28,0.005720,1532792,0.267987,0.19
dc1.mtx,116835,116835,766396,0.00100115,29,0.000258,1532792,5.930370,4.13
dc1.mtx,116835,116835,766396,0.00100115,30,0.001848,1532792,0.829341,0.58
dc1.mtx,116835,116835,766396,0.00100115,31,0.001566,1532792,0.979054,0.68
dc1.mtx,116835,116835,766396,0.00100115,32,0.001559,1532792,0.982993,0.69
dc1.mtx,116835,116835,766396,0.00100115,33,0.005489,1532792,0.279256,0.19
dc1.mtx,116835,116835,766396,0.00100115,34,0.000284,1532792,5.397725,3.76
dc1.mtx,116835,116835,766396,0.00100115,35,0.004645,1532792,0.329989,0.23
dc1.mtx,116835,116835,766396,0.00100115,36,0.001420,1532792,1.079256,0.75
dc1.mtx,116835,116835,766396,0.00100115,37,0.000428,1532792,3.580647,2.50
dc1.mtx,116835,116835,766396,0.00100115,38,0.000311,1532792,4.922323,3.43
dc1.mtx,116835,116835,766396,0.00100115,39,0.005550,1532792,0.276166,0.19
dc1.mtx,116835,116835,766396,0.00100115,40,0.001197,1532792,1.279997,0.89
lung2.mtx,109460,109460,492564,-0.00054523,2,0.000908,985128,1.085124,0.83
lung2.mtx,109460,109460,492564,-0.00054523,3,0.000407,985128,2.420140,1.85
lung2.mtx,109460,109460,492564,-0.00054523,4,0.000294,985128,3.350357,2.57
lung2.mtx,109460,109460,492564,-0.00054523,5,0.000230,985128,4.288942,3.29
lung2.mtx,109460,109460,492564,-0.00054523,6,0.000257,985128,3.838951,2.94
lung2.mtx,109460,109460,492564,-0.00054523,7,0.000269,985128,3.662009,2.81
lung2.mtx,109460,109460,492564,-0.00054523,8,0.000187,985128,5.272771,4.04
lung2.mtx,109460,109460,492564,-0.00054523,9,0.000170,985128,5.778965,4.43
lung2.mtx,109460,109460,492564,-0.00054523,10,0.000172,985128,5.727057,4.39
lung2.mtx,109460,109460,492564,-0.00054523,11,0.000170,985128,5.806485,4.45
lung2.mtx,109460,109460,492564,-0.00054523,12,0.000172,985128,5.714033,4.38
lung2.mtx,109460,109460,492564,-0.00054523,13,0.000188,985128,5.231619,4.01
lung2.mtx,109460,109460,492564,-0.00054523,14,0.000181,985128,5.431776,4.16
lung2.mtx,109460,109460,492564,-0.00054523,15,0.000175,985128,5.613866,4.30
lung2.mtx,109460,109460,492564,-0.00054523,16,0.000171,985128,5.747970,4.40
lung2.mtx,109460,109460,492564,-0.00054523,17,0.000176,985128,5.597320,4.29
lung2.mtx,109460,109460,492564,-0.00054523,18,0.000179,985128,5.518461,4.23
lung2.mtx,109460,109460,492564,-0.00054523,19,0.000160,985128,6.160320,4.72
lung2.mtx,109460,109460,492564,-0.00054523,20,0.000158,985128,6.237238,4.78
lung2.mtx,109460,109460,492564,-0.00054523,21,0.000164,985128,5.988875,4.59
lung2.mtx,109460,109460,492564,-0.00054523,22,0.000307,985128,3.207419,2.46
lung2.mtx,109460,109460,492564,-0.00054523,23,0.000560,985128,1.759411,1.35
lung2.mtx,109460,109460,492564,-0.00054523,24,0.000544,985128,1.811972,1.39
lung2.mtx,109460,109460,492564,-0.00054523,25,0.000511,985128,1.928246,1.48
lung2.mtx,109460,109460,492564,-0.00054523,26,0.000508,985128,1.939121,1.49
lung2.mtx,109460,109460,492564,-0.00054523,27,0.000466,985128,2.112527,1.62
lung2.mtx,109460,109460,492564,-0.00054523,28,0.002441,985128,0.403525,0.31
lung2.mtx,109460,109460,492564,-0.00054523,29,0.002407,985128,0.409287,0.31
lung2.mtx,109460,109460,492564,-0.00054523,30,0.000426,985128,2.312919,1.77
lung2.mtx,109460,109460,492564,-0.00054523,31,0.000413,985128,2.383942,1.83
lung2.mtx,109460,109460,492564,-0.00054523,32,0.001399,985128,0.704058,0.54
lung2.mtx,109460,109460,492564,-0.00054523,33,0.000386,985128,2.552252,1.96
lung2.mtx,109460,109460,492564,-0.00054523,34,0.000379,985128,2.601418,1.99
lung2.mtx,109460,109460,492564,-0.00054523,35,0.000259,985128,3.797685,2.91
lung2.mtx,109460,109460,492564,-0.00054523,36,0.000282,985128,3.490563,2.67
lung2.mtx,109460,109460,492564,-0.00054523,37,0.000270,985128,3.653042,2.80
lung2.mtx,109460,109460,492564,-0.00054523,38,0.000268,985128,3.681541,2.82
lung2.mtx,109460,109460,492564,-0.00054523,39,0.000277,985128,3.553635,2.72
lung2.mtx,109460,109460,492564,-0.00054523,40,0.000284,985128,3.471535,2.66
mac_econ_fwd500.mtx,206500,206500,1273389,-0.00414214,2,0.001829,2546778,1.392707,1.10
mac_econ_fwd500.mtx,206500,206500,1273389,-0.00414214,3,0.001113,2546778,2.287684,1.82
mac_econ_fwd500.mtx,206500,206500,1273389,-0.00414214,4,0.000996,2546778,2.556634,2.03
mac_econ_fwd500.mtx,206500,206500,1273389,-0.00414214,5,0.000951,2546778,2.679353,2.13
mac_econ_fwd500.mtx,206500,206500,1273389,-0.00414214,6,0.000835,2546778,3.051795,2.42
mac_econ_fwd500.mtx,206500,206500,1273389,-0.00414214,7,0.000742,2546778,3.433166,2.72
mac_econ_fwd500.mtx,206500,206500,1273389,-0.00414214,8,0.000702,2546778,3.626134,2.88
mac_econ_fwd500.mtx,206500,206500,1273389,-0.00414214,9,0.000727,2546778,3.505477,2.78
mac_econ_fwd500.mtx,206500,206500,1273389,-0.00414214,10,0.000693,2546778,3.675758,2.92
mac_econ_fwd500.mtx,206500,206500,1273389,-0.00414214,11,0.000634,2546778,4.017495,3.19
mac_econ_fwd500.mtx,206500,206500,1273389,-0.00414214,12,0.000584,2546778,4.361764,3.46
mac_econ_fwd500.mtx,206500,206500,1273389,-0.00414214,13,0.000603,2546778,4.221881,3.35
mac_econ_fwd500.mtx,206500,206500,1273389,-0.00414214,14,0.000579,2546778,4.401494,3.49
mac_econ_fwd500.mtx,206500,206500,1273389,-0.00414214,15,0.000590,2546778,4.319939,3.43
mac_econ_fwd500.mtx,206500,206500,1273389,-0.00414214,16,0.000603,2546778,4.221040,3.35
mac_econ_fwd500.mtx,206500,206500,1273389,-0.00414214,17,0.000579,2546778,4.400708,3.49
mac_econ_fwd500.mtx,206500,206500,1273389,-0.00414214,18,0.000571,2546778,4.462824,3.54
mac_econ_fwd500.mtx,206500,206500,1273389,-0.00414214,19,0.000574,2546778,4.438659,3.52
mac_econ_fwd500.mtx,206500,206500,1273389,-0.00414214,20,0.000563,2546778,4.525828,3.59
mac_econ_fwd500.mtx,206500,206500,1273389,-0.00414214,21,0.000558,2546778,4.564495,3.62
mac_econ_fwd500.mtx,206500,206500,1273389,-0.00414214,22,0.000928,2546778,2.743997,2.18
mac_econ_fwd500.mtx,206500,206500,1273389,-0.00414214,23,0.000595,2546778,4.278473,3.39
mac_econ_fwd500.mtx,206500,206500,1273389,-0.00414214,24,0.000843,2546778,3.021885,2.40
mac_econ_fwd500.mtx,206500,206500,1273389,-0.00414214,25,0.001004,2546778,2.535417,2.01
mac_econ_fwd500.mtx,206500,206500,1273389,-0.00414214,26,0.001685,2546778,1.511367,1.20
mac_econ_fwd500.mtx,206500,206500,1273389,-0.00414214,27,0.000767,2546778,3.320562,2.63
mac_econ_fwd500.mtx,206500,206500,1273389,-0.00414214,28,0.001323,2546778,1.924775,1.53
mac_econ_fwd500.mtx,206500,206500,1273389,-0.00414214,29,0.001318,2546778,1.931819,1.53
mac_econ_fwd500.mtx,206500,206500,1273389,-0.00414214,30,0.002331,2546778,1.092436,0.87
mac_econ_fwd500.mtx,206500,206500,1273389,-0.00414214,31,0.001254,2546778,2.030266,1.61
mac_econ_fwd500.mtx,206500,206500,1273389,-0.00414214,32,0.001095,2546778,2.326586,1.85
mac_econ_fwd500.mtx,206500,206500,1273389,-0.00414214,33,0.001069,2546778,2.383354,1.89
mac_econ_fwd500.mtx,206500,206500,1273389,-0.00414214,34,0.001009,2546778,2.523123,2.00
mac_econ_fwd500.mtx,206500,206500,1273389,-0.00414214,35,0.000905,2546778,2.814769,2.23
mac_econ_fwd500.mtx,206500,206500,1273389,-0.00414214,36,0.001677,2546778,1.518609,1.20
mac_econ_fwd500.mtx,206500,206500,1273389,-0.00414214,37,0.000944,2546778,2.697595,2.14
mac_econ_fwd500.mtx,206500,206500,1273389,-0.00414214,38,0.001611,2546778,1.580777,1.25
mac_econ_fwd500.mtx,206500,206500,1273389,-0.00414214,39,0.001360,2546778,1.872860,1.49
mac_econ_fwd500.mtx,206500,206500,1273389,-0.00414214,40,0.002413,2546778,1.055278,0.84
mcfe.mtx,765,765,24382,0.04166261,2,0.000213,48764,0.228903,0.14
mcfe.mtx,765,765,24382,0.04166261,3,0.001278,48764,0.038160,0.02
mcfe.mtx,765,765,24382,0.04166261,4,0.000091,48764,0.537339,0.33
mcfe.mtx,765,765,24382,0.04166261,5,0.000041,48764,1.186104,0.74
mcfe.mtx,765,765,24382,0.04166261,6,0.000038,48764,1.284717,0.80
mcfe.mtx,765,765,24382,0.04166261,7,0.000073,48764,0.672169,0.42
mcfe.mtx,765,765,24382,0.04166261,8,0.000058,48764,0.846481,0.53
mcfe.mtx,765,765,24382,0.04166261,9,0.000061,48764,0.801119,0.50
mcfe.mtx,765,765,24382,0.04166261,10,0.000061,48764,0.795732,0.50
mcfe.mtx,765,765,24382,0.04166261,11,0.000058,48764,0.844897,0.53
mcfe.mtx,765,765,24382,0.04166261,12,0.000060,48764,0.808061,0.50
mcfe.mtx,765,765,24382,0.04166261,13,0.000065,48764,0.754640,0.47
mcfe.mtx,765,765,24382,0.04166261,14,0.000057,48764,0.853741,0.53
mcfe.mtx,765,765,24382,0.04166261,15,0.000059,48764,0.829741,0.52
mcfe.mtx,765,765,24382,0.04166261,16,0.000058,48764,0.846824,0.53
mcfe.mtx,765,765,24382,0.04166261,17,0.000058,48764,0.840266,0.52
mcfe.mtx,765,765,24382,0.04166261,18,0.000057,48764,0.859473,0.53
mcfe.mtx,765,765,24382,0.04166261,19,0.000063,48764,0.769027,0.48
mcfe.mtx,765,765,24382,0.04166261,20,0.000067,48764,0.729877,0.45
mcfe.mtx,765,765,24382,0.04166261,21,0.000117,48764,0.417472,0.26
mcfe.mtx,765,765,24382,0.04166261,22,0.002570,48764,0.018976,0.01
mcfe.mtx,765,765,24382,0.04166261,23,0.004853,48764,0.010047,0.01
mcfe.mtx,765,765,24382,0.04166261,24,0.000858,48764,0.056833,0.04
mcfe.mtx,765,765,24382,0.04166261,25,0.000863,48764,0.056477,0.04
mcfe.mtx,765,765,24382,0.04166261,26,0.005089,48764,0.009583,0.01
mcfe.mtx,765,765,24382,0.04166261,27,0.001586,48764,0.030754,0.02
mcfe.mtx,765,765,24382,0.04166261,28,0.000844,48764,0.057764,0.04
mcfe.mtx,765,765,24382,0.04166261,29,0.000855,48764,0.057001,0.04
mcfe.mtx,765,765,24382,0.04166261,30,0.000829,48764,0.058841,0.04
mcfe.mtx,765,765,24382,0.04166261,31,0.001840,48764,0.026503,0.02
mcfe.mtx,765,765,24382,0.04166261,32,0.000885,48764,0.055093,0.03
mcfe.mtx,765,765,24382,0.04166261,33,0.000795,48764,0.061328,0.04
mcfe.mtx,765,765,24382,0.04166261,34,0.003822,48764,0.012759,0.01
mcfe.mtx,765,765,24382,0.04166261,35,0.000829,48764,0.058829,0.04
mcfe.mtx,765,765,24382,0.04166261,36,0.000832,48764,0.058586,0.04
mcfe.mtx,765,765,24382,0.04166261,37,0.000821,48764,0.059430,0.04
mcfe.mtx,765,765,24382,0.04166261,38,0.000028,48764,1.753397,1.09
mcfe.mtx,765,765,24382,0.04166261,39,0.000609,48764,0.080032,0.05
mcfe.mtx,765,765,24382,0.04166261,40,0.000828,48764,0.058892,0.04
mhd4800a.mtx,4800,4800,102252,0.00443802,2,0.000292,204504,0.700918,0.44
mhd4800a.mtx,4800,4800,102252,0.00443802,3,0.000152,204504,1.347041,0.85
mhd4800a.mtx,4800,4800,102252,0.00443802,4,0.000101,204504,2.027679,1.28
mhd4800a.mtx,4800,4800,102252,0.00443802,5,0.000061,204504,3.328299,2.10
mhd4800a.mtx,4800,4800,102252,0.00443802,6,0.000059,204504,3.440119,2.17
mhd4800a.mtx,4800,4800,102252,0.00443802,7,0.000059,204504,3.469032,2.19
mhd4800a.mtx,4800,4800,102252,0.00443802,8,0.000076,204504,2.698162,1.70
mhd4800a.mtx,4800,4800,102252,0.00443802,9,0.000070,204504,2.918532,1.84
mhd4800a.mtx,4800,4800,102252,0.00443802,10,0.000069,204504,2.966837,1.87
mhd4800a.mtx,4800,4800,102252,0.00443802,11,0.000067,204504,3.045745,1.92
mhd4800a.mtx,4800,4800,102252,0.00443802,12,0.000066,204504,3.108347,1.96
mhd4800a.mtx,4800,4800,102252,0.00443802,13,0.000073,204504,2.808309,1.77
mhd4800a.mtx,4800,4800,102252,0.00443802,14,0.000076,204504,2.690442,1.70
mhd4800a.mtx,4800,4800,102252,0.00443802,15,0.000082,204504,2.484704,1.57
mhd4800a.mtx,4800,4800,102252,0.00443802,16,0.000073,204504,2.783885,1.76
mhd4800a.mtx,4800,4800,102252,0.00443802,17,0.000079,204504,2.588372,1.63
mhd4800a.mtx,4800,4800,102252,0.00443802,18,0.000072,204504,2.858987,1.80
mhd4800a.mtx,4800,4800,102252,0.00443802,19,0.000075,204504,2.713918,1.71
mhd4800a.mtx,4800,4800,102252,0.00443802,20,0.000080,204504,2.553516,1.61
mhd4800a.mtx,4800,4800,102252,0.00443802,21,0.000073,204504,2.807465,1.77
mhd4800a.mtx,4800,4800,102252,0.00443802,22,0.000841,204504,0.243102,0.15
mhd4800a.mtx,4800,4800,102252,0.00443802,23,0.000417,204504,0.490456,0.31
mhd4800a.mtx,4800,4800,102252,0.00443802,24,0.000424,204504,0.482332,0.30
mhd4800a.mtx,4800,4800,102252,0.00443802,25,0.000422,204504,0.484518,0.31
mhd4800a.mtx,4800,4800,102252,0.00443802,26,0.001410,204504,0.145077,0.09
mhd4800a.mtx,4800,4800,102252,0.00443802,27,0.002389,204504,0.085594,0.05
mhd4800a.mtx,4800,4800,102252,0.00443802,28,0.004384,204504,0.046653,0.03
mhd4800a.mtx,4800,4800,102252,0.00443802,29,0.000381,204504,0.536803,0.34
mhd4800a.mtx,4800,4800,102252,0.00443802,30,0.000431,204504,0.474798,0.30
mhd4800a.mtx,4800,4800,102252,0.00443802,31,0.000306,204504,0.668428,0.42
mhd4800a.mtx,4800,4800,102252,0.00443802,32,0.000352,204504,0.581370,0.37
mhd4800a.mtx,4800,4800,102252,0.00443802,33,0.000390,204504,0.523871,0.33
mhd4800a.mtx,4800,4800,102252,0.00443802,34,0.000287,204504,0.711893,0.45
mhd4800a.mtx,4800,4800,102252,0.00443802,35,0.000324,204504,0.630241,0.40
mhd4800a.mtx,4800,4800,102252,0.00443802,36,0.000331,204504,0.617971,0.39
mhd4800a.mtx,4800,4800,102252,0.00443802,37,0.000335,204504,0.610193,0.39
mhd4800a.mtx,4800,4800,102252,0.00443802,38,0.000311,204504,0.656569,0.41
mhd4800a.mtx,4800,4800,102252,0.00443802,39,0.000310,204504,0.660022,0.42
mhd4800a.mtx,4800,4800,102252,0.00443802,40,0.000320,204504,0.638129,0.40
mhda416.mtx,416,416,8562,0.04947531,2,0.000020,17124,0.843507,0.64
mhda416.mtx,416,416,8562,0.04947531,3,0.000049,17124,0.348772,0.27
mhda416.mtx,416,416,8562,0.04947531,4,0.000581,17124,0.029483,0.02
mhda416.mtx,416,416,8562,0.04947531,5,0.000030,17124,0.561608,0.43
mhda416.mtx,416,416,8562,0.04947531,6,0.000030,17124,0.564643,0.43
mhda416.mtx,416,416,8562,0.04947531,7,0.000030,17124,0.577455,0.44
mhda416.mtx,416,416,8562,0.04947531,8,0.000050,17124,0.343078,0.26
mhda416.mtx,416,416,8562,0.04947531,9,0.000042,17124,0.405285,0.31
mhda416.mtx,416,416,8562,0.04947531,10,0.000042,17124,0.411964,0.31
mhda416.mtx,416,416,8562,0.04947531,11,0.000039,17124,0.438265,0.33
mhda416.mtx,416,416,8562,0.04947531,12,0.000041,17124,0.413813,0.32
mhda416.mtx,416,416,8562,0.04947531,13,0.000045,17124,0.381884,0.29
mhda416.mtx,416,416,8562,0.04947531,14,0.000052,17124,0.326507,0.25
mhda416.mtx,416,416,8562,0.04947531,15,0.000049,17124,0.348610,0.27
mhda416.mtx,416,416,8562,0.04947531,16,0.000043,17124,0.400635,0.31
mhda416.mtx,416,416,8562,0.04947531,17,0.000046,17124,0.370104,0.28
mhda416.mtx,416,416,8562,0.04947531,18,0.000043,17124,0.394680,0.30
mhda416.mtx,416,416,8562,0.04947531,19,0.000045,17124,0.382874,0.29
mhda416.mtx,416,416,8562,0.04947531,20,0.000045,17124,0.378274,0.29
mhda416.mtx,416,416,8562,0.04947531,21,0.000044,17124,0.389269,0.30
mhda416.mtx,416,416,8562,0.04947531,22,0.002312,17124,0.007407,0.01
mhda416.mtx,416,416,8562,0.04947531,23,0.004942,17124,0.003465,0.00
mhda416.mtx,416,416,8562,0.04947531,24,0.003958,17124,0.004327,0.00
mhda416.mtx,416,416,8562,0.04947531,25,0.004940,17124,0.003466,0.00
mhda416.mtx,416,416,8562,0.04947531,26,0.003951,17124,0.004334,0.00
mhda416.mtx,416,416,8562,0.04947531,27,0.000013,17124,1.306573,1.00
mhda416.mtx,416,416,8562,0.04947531,28,0.000868,17124,0.019739,0.02
mhda416.mtx,416,416,8562,0.04947531,29,0.000938,17124,0.018261,0.01
mhda416.mtx,416,416,8562,0.04947531,30,0.000924,17124,0.018529,0.01
mhda416.mtx,416,416,8562,0.04947531,31,0.000015,17124,1.163535,0.89
mhda416.mtx,416,416,8562,0.04947531,32,0.003839,17124,0.004461,0.00
mhda416.mtx,416,416,8562,0.04947531,33,0.000015,17124,1.170721,0.89
mhda416.mtx,416,416,8562,0.04947531,34,0.005167,17124,0.003314,0.00
mhda416.mtx,416,416,8562,0.04947531,35,0.000017,17124,0.999552,0.76
mhda416.mtx,416,416,8562,0.04947531,36,0.000518,17124,0.033090,0.03
mhda416.mtx,416,416,8562,0.04947531,37,0.000017,17124,0.981831,0.75
mhda416.mtx,416,416,8562,0.04947531,38,0.001830,17124,0.009358,0.01
mhda416.mtx,416,416,8562,0.04947531,39,0.000926,17124,0.018489,0.01
mhda416.mtx,416,416,8562,0.04947531,40,0.000016,17124,1.037862,0.79
nlpkkt80.mtx,1062400,1062400,28704672,-0.03252142,2,0.024507,57409344,2.342605,1.42
nlpkkt80.mtx,1062400,1062400,28704672,-0.03252142,3,0.018606,57409344,3.085503,1.88
nlpkkt80.mtx,1062400,1062400,28704672,-0.03252142,4,0.016029,57409344,3.581569,2.18
nlpkkt80.mtx,1062400,1062400,28704672,-0.03252142,5,0.014623,57409344,3.925937,2.39
nlpkkt80.mtx,1062400,1062400,28704672,-0.03252142,6,0.013677,57409344,4.197470,2.55
nlpkkt80.mtx,1062400,1062400,28704672,-0.03252142,7,0.013315,57409344,4.311499,2.62
nlpkkt80.mtx,1062400,1062400,28704672,-0.03252142,8,0.012809,57409344,4.481946,2.72
nlpkkt80.mtx,1062400,1062400,28704672,-0.03252142,9,0.012685,57409344,4.525598,2.75
nlpkkt80.mtx,1062400,1062400,28704672,-0.03252142,10,0.012435,57409344,4.616659,2.81
nlpkkt80.mtx,1062400,1062400,28704672,-0.03252142,11,0.013813,57409344,4.156312,2.53
nlpkkt80.mtx,1062400,1062400,28704672,-0.03252142,12,0.013028,57409344,4.406757,2.68
nlpkkt80.mtx,1062400,1062400,28704672,-0.03252142,13,0.012934,57409344,4.438653,2.70
nlpkkt80.mtx,1062400,1062400,28704672,-0.03252142,14,0.012506,57409344,4.590373,2.79
nlpkkt80.mtx,1062400,1062400,28704672,-0.03252142,15,0.012290,57409344,4.671324,2.84
nlpkkt80.mtx,1062400,1062400,28704672,-0.03252142,16,0.012346,57409344,4.650113,2.83
nlpkkt80.mtx,1062400,1062400,28704672,-0.03252142,17,0.012079,57409344,4.752961,2.89
nlpkkt80.mtx,1062400,1062400,28704672,-0.03252142,18,0.012015,57409344,4.777954,2.90
nlpkkt80.mtx,1062400,1062400,28704672,-0.03252142,19,0.012124,57409344,4.735134,2.88
nlpkkt80.mtx,1062400,1062400,28704672,-0.03252142,20,0.012629,57409344,4.545923,2.76
nlpkkt80.mtx,1062400,1062400,28704672,-0.03252142,21,0.012291,57409344,4.670658,2.84
nlpkkt80.mtx,1062400,1062400,28704672,-0.03252142,22,0.012628,57409344,4.546240,2.76
nlpkkt80.mtx,1062400,1062400,28704672,-0.03252142,23,0.014271,57409344,4.022739,2.45
nlpkkt80.mtx,1062400,1062400,28704672,-0.03252142,24,0.013130,57409344,4.372328,2.66
nlpkkt80.mtx,1062400,1062400,28704672,-0.03252142,25,0.013621,57409344,4.214833,2.56
nlpkkt80.mtx,1062400,1062400,28704672,-0.03252142,26,0.013148,57409344,4.366497,2.65
nlpkkt80.mtx,1062400,1062400,28704672,-0.03252142,27,0.013771,57409344,4.168782,2.53
nlpkkt80.mtx,1062400,1062400,28704672,-0.03252142,28,0.014105,57409344,4.070227,2.47
nlpkkt80.mtx,1062400,1062400,28704672,-0.03252142,29,0.014253,57409344,4.027866,2.45
nlpkkt80.mtx,1062400,1062400,28704672,-0.03252142,30,0.014656,57409344,3.917196,2.38
nlpkkt80.mtx,1062400,1062400,28704672,-0.03252142,31,0.015133,57409344,3.793638,2.31
nlpkkt80.mtx,1062400,1062400,28704672,-0.03252142,32,0.015255,57409344,3.763311,2.29
nlpkkt80.mtx,1062400,1062400,28704672,-0.03252142,33,0.019683,57409344,2.916758,1.77
nlpkkt80.mtx,1062400,1062400,28704672,-0.03252142,34,0.015337,57409344,3.743268,2.28
nlpkkt80.mtx,1062400,1062400,28704672,-0.03252142,35,0.015587,57409344,3.683185,2.24
nlpkkt80.mtx,1062400,1062400,28704672,-0.03252142,36,0.016028,57409344,3.581839,2.18
nlpkkt80.mtx,1062400,1062400,28704672,-0.03252142,37,0.016120,57409344,3.561294,2.16
nlpkkt80.mtx,1062400,1062400,28704672,-0.03252142,38,0.016420,57409344,3.496327,2.13
nlpkkt80.mtx,1062400,1062400,28704672,-0.03252142,39,0.016632,57409344,3.451742,2.10
nlpkkt80.mtx,1062400,1062400,28704672,-0.03252142,40,0.016660,57409344,3.445894,2.09
olafu.mtx,16146,16146,1015156,0.00389406,2,0.001040,2030312,1.952523,1.16
olafu.mtx,16146,16146,1015156,0.00389406,3,0.000713,2030312,2.847889,1.69
olafu.mtx,16146,16146,1015156,0.00389406,4,0.000530,2030312,3.828229,2.27
olafu.mtx,16146,16146,1015156,0.00389406,5,0.000441,2030312,4.599192,2.73
olafu.mtx,16146,16146,1015156,0.00389406,6,0.000359,2030312,5.648070,3.35
olafu.mtx,16146,16146,1015156,0.00389406,7,0.000412,2030312,4.922435,2.92
olafu.mtx,16146,16146,1015156,0.00389406,8,0.000386,2030312,5.262083,3.12
olafu.mtx,16146,16146,1015156,0.00389406,9,0.000396,2030312,5.127440,3.04
olafu.mtx,16146,16146,1015156,0.00389406,10,0.000351,2030312,5.786029,3.43
olafu.mtx,16146,16146,1015156,0.00389406,11,0.000293,2030312,6.919690,4.10
olafu.mtx,16146,16146,1015156,0.00389406,12,0.000286,2030312,7.106622,4.21
olafu.mtx,16146,16146,1015156,0.00389406,13,0.000280,2030312,7.251288,4.30
olafu.mtx,16146,16146,1015156,0.00389406,14,0.000285,2030312,7.119398,4.22
olafu.mtx,16146,16146,1015156,0.00389406,15,0.000433,2030312,4.684974,2.78
olafu.mtx,16146,16146,1015156,0.00389406,16,0.000368,2030312,5.520421,3.27
olafu.mtx,16146,16146,1015156,0.00389406,17,0.000272,2030312,7.474819,4.43
olafu.mtx,16146,16146,1015156,0.00389406,18,0.000276,2030312,7.364422,4.37
olafu.mtx,16146,16146,1015156,0.00389406,19,0.000272,2030312,7.458044,4.42
olafu.mtx,16146,16146,1015156,0.00389406,20,0.000299,2030312,6.786553,4.02
olafu.mtx,16146,16146,1015156,0.00389406,21,0.005617,2030312,0.361482,0.21
olafu.mtx,16146,16146,1015156,0.00389406,22,0.000865,2030312,2.347828,1.39
olafu.mtx,16146,16146,1015156,0.00389406,23,0.000571,2030312,3.557994,2.11
olafu.mtx,16146,16146,1015156,0.00389406,24,0.000698,2030312,2.909441,1.72
olafu.mtx,16146,16146,1015156,0.00389406,25,0.000615,2030312,3.299680,1.96
olafu.mtx,16146,16146,1015156,0.00389406,26,0.000455,2030312,4.461613,2.65
olafu.mtx,16146,16146,1015156,0.00389406,27,0.001200,2030312,1.692490,1.00
olafu.mtx,16146,16146,1015156,0.00389406,28,0.001190,2030312,1.705659,1.01
olafu.mtx,16146,16146,1015156,0.00389406,29,0.001156,2030312,1.756702,1.04
olafu.mtx,16146,16146,1015156,0.00389406,30,0.000992,2030312,2.046344,1.21
olafu.mtx,16146,16146,1015156,0.00389406,31,0.001080,2030312,1.880233,1.11
olafu.mtx,16146,16146,1015156,0.00389406,32,0.000921,2030312,2.205142,1.31
olafu.mtx,16146,16146,1015156,0.00389406,33,0.000959,2030312,2.117452,1.26
olafu.mtx,16146,16146,1015156,0.00389406,34,0.000700,2030312,2.901897,1.72
olafu.mtx,16146,16146,1015156,0.00389406,35,0.000785,2030312,2.587277,1.53
olafu.mtx,16146,16146,1015156,0.00389406,36,0.000775,2030312,2.621252,1.55
olafu.mtx,16146,16146,1015156,0.00389406,37,0.000675,2030312,3.008699,1.78
olafu.mtx,16146,16146,1015156,0.00389406,38,0.000614,2030312,3.307899,1.96
olafu.mtx,16146,16146,1015156,0.00389406,39,0.003378,2030312,0.601016,0.36
olafu.mtx,16146,16146,1015156,0.00389406,40,0.000657,2030312,3.089114,1.83
olm1000.mtx,1000,1000,3996,0.00399600,2,0.000011,7992,0.705993,0.51
olm1000.mtx,1000,1000,3996,0.00399600,3,0.000997,7992,0.008014,0.01
olm1000.mtx,1000,1000,3996,0.00399600,4,0.000096,7992,0.083044,0.06
olm1000.mtx,1000,1000,3996,0.00399600,5,0.000030,7992,0.268620,0.19
olm1000.mtx,1000,1000,3996,0.00399600,6,0.000031,7992,0.261093,0.19
olm1000.mtx,1000,1000,3996,0.00399600,7,0.000026,7992,0.303024,0.22
olm1000.mtx,1000,1000,3996,0.00399600,8,0.000056,7992,0.142007,0.10
olm1000.mtx,1000,1000,3996,0.00399600,9,0.000039,7992,0.205077,0.15
olm1000.mtx,1000,1000,3996,0.00399600,10,0.000039,7992,0.205256,0.15
olm1000.mtx,1000,1000,3996,0.00399600,11,0.000042,7992,0.190635,0.14
olm1000.mtx,1000,1000,3996,0.00399600,12,0.000045,7992,0.179530,0.13
olm1000.mtx,1000,1000,3996,0.00399600,13,0.000046,7992,0.173283,0.12
olm1000.mtx,1000,1000,3996,0.00399600,14,0.000043,7992,0.185983,0.13
olm1000.mtx,1000,1000,3996,0.00399600,15,0.000039,7992,0.203116,0.15
olm1000.mtx,1000,1000,3996,0.00399600,16,0.000043,7992,0.187004,0.13
olm1000.mtx,1000,1000,3996,0.00399600,17,0.000043,7992,0.187928,0.13
olm1000.mtx,1000,1000,3996,0.00399600,18,0.000045,7992,0.177644,0.13
olm1000.mtx,1000,1000,3996,0.00399600,19,0.000042,7992,0.189129,0.14
olm1000.mtx,1000,1000,3996,0.00399600,20,0.000042,7992,0.192541,0.14
olm1000.mtx,1000,1000,3996,0.00399600,21,0.000044,7992,0.180552,0.13
olm1000.mtx,1000,1000,3996,0.00399600,22,0.000938,7992,0.008521,0.01
olm1000.mtx,1000,1000,3996,0.00399600,23,0.004956,7992,0.001613,0.00
olm1000.mtx,1000,1000,3996,0.00399600,24,0.003968,7992,0.002014,0.00
olm1000.mtx,1000,1000,3996,0.00399600,25,0.000968,7992,0.008254,0.01
olm1000.mtx,1000,1000,3996,0.00399600,26,0.001984,7992,0.004029,0.00
olm1000.mtx,1000,1000,3996,0.00399600,27,0.000967,7992,0.008267,0.01
olm1000.mtx,1000,1000,3996,0.00399600,28,0.000967,7992,0.008263,0.01
olm1000.mtx,1000,1000,3996,0.00399600,29,0.003967,7992,0.002014,0.00
olm1000.mtx,1000,1000,3996,0.00399600,30,0.000958,7992,0.008340,0.01
olm1000.mtx,1000,1000,3996,0.00399600,31,0.002950,7992,0.002709,0.00
olm1000.mtx,1000,1000,3996,0.00399600,32,0.005196,7992,0.001538,0.00
olm1000.mtx,1000,1000,3996,0.00399600,33,0.001734,7992,0.004609,0.00
olm1000.mtx,1000,1000,3996,0.00399600,34,0.000967,7992,0.008268,0.01
olm1000.mtx,1000,1000,3996,0.00399600,35,0.000961,7992,0.008312,0.01
olm1000.mtx,1000,1000,3996,0.00399600,36,0.000967,7992,0.008264,0.01
olm1000.mtx,1000,1000,3996,0.00399600,37,0.000012,7992,0.677617,0.49
olm1000.mtx,1000,1000,3996,0.00399600,38,0.001885,7992,0.004239,0.00
olm1000.mtx,1000,1000,3996,0.00399600,39,0.000964,7992,0.008293,0.01
olm1000.mtx,1000,1000,3996,0.00399600,40,0.000014,7992,0.561276,0.40
raefsky2.mtx,3242,3242,294276,0.02799812,2,0.000616,588552,0.955404,0.56
raefsky2.mtx,3242,3242,294276,0.02799812,3,0.000198,588552,2.974981,1.75
raefsky2.mtx,3242,3242,294276,0.02799812,4,0.000148,588552,3.981144,2.34
raefsky2.mtx,3242,3242,294276,0.02799812,5,0.000123,588552,4.765643,2.80
raefsky2.mtx,3242,3242,294276,0.02799812,6,0.000113,588552,5.219753,3.07
raefsky2.mtx,3242,3242,294276,0.02799812,7,0.000131,588552,4.492753,2.64
raefsky2.mtx,3242,3242,294276,0.02799812,8,0.000111,588552,5.306003,3.12
raefsky2.mtx,3242,3242,294276,0.02799812,9,0.000109,588552,5.383110,3.17
raefsky2.mtx,3242,3242,294276,0.02799812,10,0.000098,588552,5.981202,3.52
raefsky2.mtx,3242,3242,294276,0.02799812,11,0.000098,588552,5.980325,3.52
raefsky2.mtx,3242,3242,294276,0.02799812,12,0.000091,588552,6.475657,3.81
raefsky2.mtx,3242,3242,294276,0.02799812,13,0.000098,588552,6.011700,3.54
raefsky2.mtx,3242,3242,294276,0.02799812,14,0.000094,588552,6.280121,3.69
raefsky2.mtx,3242,3242,294276,0.02799812,15,0.000096,588552,6.139041,3.61
raefsky2.mtx,3242,3242,294276,0.02799812,16,0.000088,588552,6.699597,3.94
raefsky2.mtx,3242,3242,294276,0.02799812,17,0.000091,588552,6.462578,3.80
raefsky2.mtx,3242,3242,294276,0.02799812,18,0.000092,588552,6.365263,3.74
raefsky2.mtx,3242,3242,294276,0.02799812,19,0.000089,588552,6.592113,3.88
raefsky2.mtx,3242,3242,294276,0.02799812,20,0.000090,588552,6.568167,3.86
raefsky2.mtx,3242,3242,294276,0.02799812,21,0.000090,588552,6.525406,3.84
raefsky2.mtx,3242,3242,294276,0.02799812,22,0.000812,588552,0.725155,0.43
raefsky2.mtx,3242,3242,294276,0.02799812,23,0.000142,588552,4.149845,2.44
raefsky2.mtx,3242,3242,294276,0.02799812,24,0.000148,588552,3.983503,2.34
raefsky2.mtx,3242,3242,294276,0.02799812,25,0.000940,588552,0.626358,0.37
raefsky2.mtx,3242,3242,294276,0.02799812,26,0.000967,588552,0.608385,0.36
raefsky2.mtx,3242,3242,294276,0.02799812,27,0.000851,588552,0.691268,0.41
raefsky2.mtx,3242,3242,294276,0.02799812,28,0.000809,588552,0.727077,0.43
raefsky2.mtx,3242,3242,294276,0.02799812,29,0.000754,588552,0.780824,0.46
raefsky2.mtx,3242,3242,294276,0.02799812,30,0.000680,588552,0.865177,0.51
raefsky2.mtx,3242,3242,294276,0.02799812,31,0.000643,588552,0.915486,0.54
raefsky2.mtx,3242,3242,294276,0.02799812,32,0.000585,588552,1.005575,0.59
raefsky2.mtx,3242,3242,294276,0.02799812,33,0.000618,588552,0.952731,0.56
raefsky2.mtx,3242,3242,294276,0.02799812,34,0.000537,588552,1.095930,0.64
raefsky2.mtx,3242,3242,294276,0.02799812,35,0.000545,588552,1.079640,0.64
raefsky2.mtx,3242,3242,294276,0.02799812,36,0.000583,588552,1.009665,0.59
raefsky2.mtx,3242,3242,294276,0.02799812,37,0.000523,588552,1.124652,0.66
raefsky2.mtx,3242,3242,294276,0.02799812,38,0.000149,588552,3.945403,2.32
raefsky2.mtx,3242,3242,294276,0.02799812,39,0.000147,588552,4.006828,2.36
raefsky2.mtx,3242,3242,294276,0.02799812,40,0.000148,588552,3.963864,2.33
rdist2.mtx,3198,3198,56934,0.00556692,2,0.000200,113868,0.569764,0.30
rdist2.mtx,3198,3198,56934,0.00556692,3,0.001019,113868,0.111787,0.06
rdist2.mtx,3198,3198,56934,0.00556692,4,0.000064,113868,1.771351,0.93
rdist2.mtx,3198,3198,56934,0.00556692,5,0.000057,113868,2.002208,1.06
rdist2.mtx,3198,3198,56934,0.00556692,6,0.000060,113868,1.892117,1.00
rdist2.mtx,3198,3198,56934,0.00556692,7,0.000079,113868,1.448919,0.76
rdist2.mtx,3198,3198,56934,0.00556692,8,0.000068,113868,1.662766,0.88
rdist2.mtx,3198,3198,56934,0.00556692,9,0.000070,113868,1.620572,0.85
rdist2.mtx,3198,3198,56934,0.00556692,10,0.000071,113868,1.597116,0.84
rdist2.mtx,3198,3198,56934,0.00556692,11,0.000072,113868,1.572498,0.83
rdist2.mtx,3198,3198,56934,0.00556692,12,0.000065,113868,1.760802,0.93
rdist2.mtx,3198,3198,56934,0.00556692,13,0.000076,113868,1.508065,0.79
rdist2.mtx,3198,3198,56934,0.00556692,14,0.000069,113868,1.639499,0.86
rdist2.mtx,3198,3198,56934,0.00556692,15,0.000070,113868,1.635234,0.86
rdist2.mtx,3198,3198,56934,0.00556692,16,0.000073,113868,1.551102,0.82
rdist2.mtx,3198,3198,56934,0.00556692,17,0.000085,113868,1.346766,0.71
rdist2.mtx,3198,3198,56934,0.00556692,18,0.000073,113868,1.565561,0.83
rdist2.mtx,3198,3198,56934,0.00556692,19,0.000074,113868,1.537864,0.81
rdist2.mtx,3198,3198,56934,0.00556692,20,0.000076,113868,1.505817,0.79
rdist2.mtx,3198,3198,56934,0.00556692,21,0.000074,113868,1.544606,0.81
rdist2.mtx,3198,3198,56934,0.00556692,22,0.003235,113868,0.035202,0.02
rdist2.mtx,3198,3198,56934,0.00556692,23,0.004691,113868,0.024274,0.01
rdist2.mtx,3198,3198,56934,0.00556692,24,0.000693,113868,0.164288,0.09
rdist2.mtx,3198,3198,56934,0.00556692,25,0.000681,113868,0.167243,0.09
rdist2.mtx,3198,3198,56934,0.00556692,26,0.001668,113868,0.068285,0.04
rdist2.mtx,3198,3198,56934,0.00556692,27,0.003657,113868,0.031138,0.02
rdist2.mtx,3198,3198,56934,0.00556692,28,0.000656,113868,0.173649,0.09
rdist2.mtx,3198,3198,56934,0.00556692,29,0.004635,113868,0.024567,0.01
rdist2.mtx,3198,3198,56934,0.00556692,30,0.000690,113868,0.165024,0.09
rdist2.mtx,3198,3198,56934,0.00556692,31,0.000633,113868,0.179922,0.09
rdist2.mtx,3198,3198,56934,0.00556692,32,0.001566,113868,0.072735,0.04
rdist2.mtx,3198,3198,56934,0.00556692,33,0.000624,113868,0.182518,0.10
rdist2.mtx,3198,3198,56934,0.00556692,34,0.000668,113868,0.170471,0.09
rdist2.mtx,3198,3198,56934,0.00556692,35,0.000561,113868,0.202885,0.11
rdist2.mtx,3198,3198,56934,0.00556692,36,0.000615,113868,0.185207,0.10
rdist2.mtx,3198,3198,56934,0.00556692,37,0.000609,113868,0.186962,0.10
rdist2.mtx,3198,3198,56934,0.00556692,38,0.000602,113868,0.189031,0.10
rdist2.mtx,3198,3198,56934,0.00556692,39,0.000596,113868,0.190916,0.10
rdist2.mtx,3198,3198,56934,0.00556692,40,0.000596,113868,0.191008,0.10
roadNet-PA.mtx,1090920,1090920,3083796,0.00769976,2,0.007995,6167592,0.771404,1.65
roadNet-PA.mtx,1090920,1090920,3083796,0.00769976,3,0.003973,6167592,1.552381,3.32
roadNet-PA.mtx,1090920,1090920,3083796,0.00769976,4,0.003169,6167592,1.946136,4.16
roadNet-PA.mtx,1090920,1090920,3083796,0.00769976,5,0.002727,6167592,2.261499,4.83
roadNet-PA.mtx,1090920,1090920,3083796,0.00769976,6,0.002542,6167592,2.426563,5.19
roadNet-PA.mtx,1090920,1090920,3083796,0.00769976,7,0.002430,6167592,2.538577,5.43
roadNet-PA.mtx,1090920,1090920,3083796,0.00769976,8,0.002390,6167592,2.580213,5.51
roadNet-PA.mtx,1090920,1090920,3083796,0.00769976,9,0.002317,6167592,2.661941,5.69
roadNet-PA.mtx,1090920,1090920,3083796,0.00769976,10,0.002577,6167592,2.393103,5.11
roadNet-PA.mtx,1090920,1090920,3083796,0.00769976,11,0.002351,6167592,2.623780,5.61
roadNet-PA.mtx,1090920,1090920,3083796,0.00769976,12,0.002817,6167592,2.189796,4.68
roadNet-PA.mtx,1090920,1090920,3083796,0.00769976,13,0.002700,6167592,2.283889,4.88
roadNet-PA.mtx,1090920,1090920,3083796,0.00769976,14,0.002585,6167592,2.385803,5.10
roadNet-PA.mtx,1090920,1090920,3083796,0.00769976,15,0.002548,6167592,2.420947,5.17
roadNet-PA.mtx,1090920,1090920,3083796,0.00769976,16,0.002553,6167592,2.415669,5.16
roadNet-PA.mtx,1090920,1090920,3083796,0.00769976,17,0.002432,6167592,2.536258,5.42
roadNet-PA.mtx,1090920,1090920,3083796,0.00769976,18,0.002478,6167592,2.489398,5.32
roadNet-PA.mtx,1090920,1090920,3083796,0.00769976,19,0.002402,6167592,2.567896,5.49
roadNet-PA.mtx,1090920,1090920,3083796,0.00769976,20,0.002420,6167592,2.548552,5.45
roadNet-PA.mtx,1090920,1090920,3083796,0.00769976,21,0.002343,6167592,2.631851,5.63
roadNet-PA.mtx,1090920,1090920,3083796,0.00769976,22,0.002448,6167592,2.519203,5.38
roadNet-PA.mtx,1090920,1090920,3083796,0.00769976,23,0.002460,6167592,2.507460,5.36
roadNet-PA.mtx,1090920,1090920,3083796,0.00769976,24,0.002541,6167592,2.427535,5.19
roadNet-PA.mtx,1090920,1090920,3083796,0.00769976,25,0.002454,6167592,2.513279,5.37
roadNet-PA.mtx,1090920,1090920,3083796,0.00769976,26,0.002462,6167592,2.504764,5.35
roadNet-PA.mtx,1090920,1090920,3083796,0.00769976,27,0.002539,6167592,2.428891,5.19
roadNet-PA.mtx,1090920,1090920,3083796,0.00769976,28,0.002587,6167592,2.383917,5.10
roadNet-PA.mtx,1090920,1090920,3083796,0.00769976,29,0.002565,6167592,2.404203,5.14
roadNet-PA.mtx,1090920,1090920,3083796,0.00769976,30,0.002551,6167592,2.418004,5.17
roadNet-PA.mtx,1090920,1090920,3083796,0.00769976,31,0.002560,6167592,2.409161,5.15
roadNet-PA.mtx,1090920,1090920,3083796,0.00769976,32,0.002594,6167592,2.377480,5.08
roadNet-PA.mtx,1090920,1090920,3083796,0.00769976,33,0.002617,6167592,2.356697,5.04
roadNet-PA.mtx,1090920,1090920,3083796,0.00769976,34,0.002573,6167592,2.396662,5.12
roadNet-PA.mtx,1090920,1090920,3083796,0.00769976,35,0.002657,6167592,2.320930,4.96
roadNet-PA.mtx,1090920,1090920,3083796,0.00769976,36,0.002664,6167592,2.314891,4.95
roadNet-PA.mtx,1090920,1090920,3083796,0.00769976,37,0.002658,6167592,2.320506,4.96
roadNet-PA.mtx,1090920,1090920,3083796,0.00769976,38,0.002668,6167592,2.311770,4.94
roadNet-PA.mtx,1090920,1090920,3083796,0.00769976,39,0.002834,6167592,2.176049,4.65
roadNet-PA.mtx,1090920,1090920,3083796,0.00769976,40,0.002694,6167592,2.288984,4.89
thermal1.mtx,82654,82654,574458,-0.00032672,2,0.000758,1148916,1.515193,1.53
thermal1.mtx,82654,82654,574458,-0.00032672,3,0.000426,1148916,2.697467,2.72
thermal1.mtx,82654,82654,574458,-0.00032672,4,0.000319,1148916,3.602171,3.63
thermal1.mtx,82654,82654,574458,-0.00032672,5,0.000268,1148916,4.290053,4.33
thermal1.mtx,82654,82654,574458,-0.00032672,6,0.000233,1148916,4.934527,4.98
thermal1.mtx,82654,82654,574458,-0.00032672,7,0.000245,1148916,4.683351,4.72
thermal1.mtx,82654,82654,574458,-0.00032672,8,0.000228,1148916,5.035067,5.08
thermal1.mtx,82654,82654,574458,-0.00032672,9,0.000283,1148916,4.064595,4.10
thermal1.mtx,82654,82654,574458,-0.00032672,10,0.000252,1148916,4.559518,4.60
thermal1.mtx,82654,82654,574458,-0.00032672,11,0.000239,1148916,4.807036,4.85
thermal1.mtx,82654,82654,574458,-0.00032672,12,0.000251,1148916,4.568374,4.61
thermal1.mtx,82654,82654,574458,-0.00032672,13,0.000245,1148916,4.689128,4.73
thermal1.mtx,82654,82654,574458,-0.00032672,14,0.000233,1148916,4.938448,4.98
thermal1.mtx,82654,82654,574458,-0.00032672,15,0.000223,1148916,5.152572,5.20
thermal1.mtx,82654,82654,574458,-0.00032672,16,0.000215,1148916,5.332592,5.38
thermal1.mtx,82654,82654,574458,-0.00032672,17,0.000214,1148916,5.380410,5.43
thermal1.mtx,82654,82654,574458,-0.00032672,18,0.000202,1148916,5.686192,5.74
thermal1.mtx,82654,82654,574458,-0.00032672,19,0.000196,1148916,5.867166,5.92
thermal1.mtx,82654,82654,574458,-0.00032672,20,0.000188,1148916,6.105024,6.16
thermal1.mtx,82654,82654,574458,-0.00032672,21,0.002758,1148916,0.416519,0.42
thermal1.mtx,82654,82654,574458,-0.00032672,22,0.000845,1148916,1.359410,1.37
thermal1.mtx,82654,82654,574458,-0.00032672,23,0.000506,1148916,2.269557,2.29
thermal1.mtx,82654,82654,574458,-0.00032672,24,0.000382,1148916,3.005991,3.03
thermal1.mtx,82654,82654,574458,-0.00032672,25,0.000407,1148916,2.825242,2.85
thermal1.mtx,82654,82654,574458,-0.00032672,26,0.000302,1148916,3.810627,3.84
thermal1.mtx,82654,82654,574458,-0.00032672,27,0.000619,1148916,1.855703,1.87
thermal1.mtx,82654,82654,574458,-0.00032672,28,0.001987,1148916,0.578353,0.58
thermal1.mtx,82654,82654,574458,-0.00032672,29,0.000238,1148916,4.826869,4.87
thermal1.mtx,82654,82654,574458,-0.00032672,30,0.000246,1148916,4.664474,4.70
thermal1.mtx,82654,82654,574458,-0.00032672,31,0.000271,1148916,4.231951,4.27
thermal1.mtx,82654,82654,574458,-0.00032672,32,0.000256,1148916,4.492184,4.53
thermal1.mtx,82654,82654,574458,-0.00032672,33,0.000276,1148916,4.167756,4.20
thermal1.mtx,82654,82654,574458,-0.00032672,34,0.000266,1148916,4.325637,4.36
thermal1.mtx,82654,82654,574458,-0.00032672,35,0.000268,1148916,4.291613,4.33
thermal1.mtx,82654,82654,574458,-0.00032672,36,0.000276,1148916,4.160300,4.20
thermal1.mtx,82654,82654,574458,-0.00032672,37,0.000292,1148916,3.931360,3.97
thermal1.mtx,82654,82654,574458,-0.00032672,38,0.000282,1148916,4.073736,4.11
thermal1.mtx,82654,82654,574458,-0.00032672,39,0.000301,1148916,3.810969,3.84
thermal1.mtx,82654,82654,574458,-0.00032672,40,0.001522,1148916,0.754950,0.76
thermal2.mtx,1228045,1228045,8580313,0.01529464,2,0.011303,17160626,1.518301,1.92
thermal2.mtx,1228045,1228045,8580313,0.01529464,3,0.007635,17160626,2.247486,2.84
thermal2.mtx,1228045,1228045,8580313,0.01529464,4,0.006349,17160626,2.702951,3.42
thermal2.mtx,1228045,1228045,8580313,0.01529464,5,0.005725,17160626,2.997673,3.79
thermal2.mtx,1228045,1228045,8580313,0.01529464,6,0.005507,17160626,3.116074,3.94
thermal2.mtx,1228045,1228045,8580313,0.01529464,7,0.005443,17160626,3.152988,3.99
thermal2.mtx,1228045,1228045,8580313,0.01529464,8,0.005424,17160626,3.163585,4.00
thermal2.mtx,1228045,1228045,8580313,0.01529464,9,0.005363,17160626,3.199860,4.05
thermal2.mtx,1228045,1228045,8580313,0.01529464,10,0.005271,17160626,3.255775,4.12
thermal2.mtx,1228045,1228045,8580313,0.01529464,11,0.006173,17160626,2.779883,3.52
thermal2.mtx,1228045,1228045,8580313,0.01529464,12,0.005723,17160626,2.998381,3.80
thermal2.mtx,1228045,1228045,8580313,0.01529464,13,0.005354,17160626,3.205452,4.06
thermal2.mtx,1228045,1228045,8580313,0.01529464,14,0.005109,17160626,3.358573,4.25
thermal2.mtx,1228045,1228045,8580313,0.01529464,15,0.005045,17160626,3.401230,4.31
thermal2.mtx,1228045,1228045,8580313,0.01529464,16,0.005071,17160626,3.384198,4.28
thermal2.mtx,1228045,1228045,8580313,0.01529464,17,0.005031,17160626,3.411121,4.32
thermal2.mtx,1228045,1228045,8580313,0.01529464,18,0.005047,17160626,3.400476,4.30
thermal2.mtx,1228045,1228045,8580313,0.01529464,19,0.005551,17160626,3.091639,3.91
thermal2.mtx,1228045,1228045,8580313,0.01529464,20,0.005550,17160626,3.092068,3.91
thermal2.mtx,1228045,1228045,8580313,0.01529464,21,0.005701,17160626,3.009845,3.81
thermal2.mtx,1228045,1228045,8580313,0.01529464,22,0.005819,17160626,2.949230,3.73
thermal2.mtx,1228045,1228045,8580313,0.01529464,23,0.005962,17160626,2.878239,3.64
thermal2.mtx,1228045,1228045,8580313,0.01529464,24,0.005950,17160626,2.883974,3.65
thermal2.mtx,1228045,1228045,8580313,0.01529464,25,0.006101,17160626,2.812822,3.56
thermal2.mtx,1228045,1228045,8580313,0.01529464,26,0.006020,17160626,2.850576,3.61
thermal2.mtx,1228045,1228045,8580313,0.01529464,27,0.006060,17160626,2.831995,3.58
thermal2.mtx,1228045,1228045,8580313,0.01529464,28,0.006288,17160626,2.729072,3.45
thermal2.mtx,1228045,1228045,8580313,0.01529464,29,0.006221,17160626,2.758684,3.49
thermal2.mtx,1228045,1228045,8580313,0.01529464,30,0.006793,17160626,2.526296,3.20
thermal2.mtx,1228045,1228045,8580313,0.01529464,31,0.006359,17160626,2.698463,3.42
thermal2.mtx,1228045,1228045,8580313,0.01529464,32,0.006397,17160626,2.682621,3.40
thermal2.mtx,1228045,1228045,8580313,0.01529464,33,0.006498,17160626,2.641052,3.34
thermal2.mtx,1228045,1228045,8580313,0.01529464,34,0.006379,17160626,2.690382,3.41
thermal2.mtx,1228045,1228045,8580313,0.01529464,35,0.006492,17160626,2.643403,3.35
thermal2.mtx,1228045,1228045,8580313,0.01529464,36,0.006477,17160626,2.649301,3.35
thermal2.mtx,1228045,1228045,8580313,0.01529464,37,0.006354,17160626,2.700558,3.42
thermal2.mtx,1228045,1228045,8580313,0.01529464,38,0.006516,17160626,2.633812,3.33
thermal2.mtx,1228045,1228045,8580313,0.01529464,39,0.006539,17160626,2.624499,3.32
thermal2.mtx,1228045,1228045,8580313,0.01529464,40,0.006476,17160626,2.649968,3.35
thermomech_TK.mtx,102158,102158,711558,0.00038539,2,0.000958,1423116,1.484916,1.56
thermomech_TK.mtx,102158,102158,711558,0.00038539,3,0.000594,1423116,2.394741,2.51
thermomech_TK.mtx,102158,102158,711558,0.00038539,4,0.000449,1423116,3.168446,3.32
thermomech_TK.mtx,102158,102158,711558,0.00038539,5,0.000458,1423116,3.105483,3.26
thermomech_TK.mtx,102158,102158,711558,0.00038539,6,0.000435,1423116,3.272454,3.43
thermomech_TK.mtx,102158,102158,711558,0.00038539,7,0.000436,1423116,3.263271,3.42
thermomech_TK.mtx,102158,102158,711558,0.00038539,8,0.000451,1423116,3.154019,3.31
thermomech_TK.mtx,102158,102158,711558,0.00038539,9,0.000430,1423116,3.309289,3.47
thermomech_TK.mtx,102158,102158,711558,0.00038539,10,0.000352,1423116,4.045369,4.24
thermomech_TK.mtx,102158,102158,711558,0.00038539,11,0.000447,1423116,3.181654,3.34
thermomech_TK.mtx,102158,102158,711558,0.00038539,12,0.000398,1423116,3.577114,3.75
thermomech_TK.mtx,102158,102158,711558,0.00038539,13,0.000390,1423116,3.646136,3.82
thermomech_TK.mtx,102158,102158,711558,0.00038539,14,0.000382,1423116,3.727324,3.91
thermomech_TK.mtx,102158,102158,711558,0.00038539,15,0.000398,1423116,3.575219,3.75
thermomech_TK.mtx,102158,102158,711558,0.00038539,16,0.000430,1423116,3.309106,3.47
thermomech_TK.mtx,102158,102158,711558,0.00038539,17,0.000403,1423116,3.535316,3.71
thermomech_TK.mtx,102158,102158,711558,0.00038539,18,0.000407,1423116,3.499910,3.67
thermomech_TK.mtx,102158,102158,711558,0.00038539,19,0.000399,1423116,3.570006,3.74
thermomech_TK.mtx,102158,102158,711558,0.00038539,20,0.000405,1423116,3.517895,3.69
thermomech_TK.mtx,102158,102158,711558,0.00038539,21,0.000611,1423116,2.330570,2.44
thermomech_TK.mtx,102158,102158,711558,0.00038539,22,0.000577,1423116,2.466688,2.59
thermomech_TK.mtx,102158,102158,711558,0.00038539,23,0.001153,1423116,1.234349,1.29
thermomech_TK.mtx,102158,102158,711558,0.00038539,24,0.001251,1423116,1.137484,1.19
thermomech_TK.mtx,102158,102158,711558,0.00038539,25,0.000808,1423116,1.762173,1.85
thermomech_TK.mtx,102158,102158,711558,0.00038539,26,0.000820,1423116,1.735351,1.82
thermomech_TK.mtx,102158,102158,711558,0.00038539,27,0.000601,1423116,2.366111,2.48
thermomech_TK.mtx,102158,102158,711558,0.00038539,28,0.000448,1423116,3.173549,3.33
thermomech_TK.mtx,102158,102158,711558,0.00038539,29,0.001202,1423116,1.183935,1.24
thermomech_TK.mtx,102158,102158,711558,0.00038539,30,0.001240,1423116,1.147437,1.20
thermomech_TK.mtx,102158,102158,711558,0.00038539,31,0.001059,1423116,1.344254,1.41
thermomech_TK.mtx,102158,102158,711558,0.00038539,32,0.000820,1423116,1.734942,1.82
thermomech_TK.mtx,102158,102158,711558,0.00038539,33,0.000866,1423116,1.642891,1.72
thermomech_TK.mtx,102158,102158,711558,0.00038539,34,0.000815,1423116,1.745294,1.83
thermomech_TK.mtx,102158,102158,711558,0.00038539,35,0.000706,1423116,2.016939,2.11
thermomech_TK.mtx,102158,102158,711558,0.00038539,36,0.000653,1423116,2.177729,2.28
thermomech_TK.mtx,102158,102158,711558,0.00038539,37,0.000626,1423116,2.272376,2.38
thermomech_TK.mtx,102158,102158,711558,0.00038539,38,0.000558,1423116,2.551434,2.68
thermomech_TK.mtx,102158,102158,711558,0.00038539,39,0.001312,1423116,1.084608,1.14
thermomech_TK.mtx,102158,102158,711558,0.00038539,40,0.001268,1423116,1.122634,1.18
webbase-1M.mtx,1000005,1000005,3105536,-0.00432900,2,0.006513,6211072,0.953595,1.20
webbase-1M.mtx,1000005,1000005,3105536,-0.00432900,3,0.003500,6211072,1.774772,2.23
webbase-1M.mtx,1000005,1000005,3105536,-0.00432900,4,0.003093,6211072,2.008249,2.52
webbase-1M.mtx,1000005,1000005,3105536,-0.00432900,5,0.003705,6211072,1.676610,2.10
webbase-1M.mtx,1000005,1000005,3105536,-0.00432900,6,0.002552,6211072,2.433584,3.05
webbase-1M.mtx,1000005,1000005,3105536,-0.00432900,7,0.002390,6211072,2.598613,3.26
webbase-1M.mtx,1000005,1000005,3105536,-0.00432900,8,0.002363,6211072,2.628896,3.30
webbase-1M.mtx,1000005,1000005,3105536,-0.00432900,9,0.002299,6211072,2.701362,3.39
webbase-1M.mtx,1000005,1000005,3105536,-0.00432900,10,0.002261,6211072,2.747508,3.45
webbase-1M.mtx,1000005,1000005,3105536,-0.00432900,11,0.002224,6211072,2.792811,3.51
webbase-1M.mtx,1000005,1000005,3105536,-0.00432900,12,0.002357,6211072,2.634818,3.31
webbase-1M.mtx,1000005,1000005,3105536,-0.00432900,13,0.002371,6211072,2.619213,3.29
webbase-1M.mtx,1000005,1000005,3105536,-0.00432900,14,0.002351,6211072,2.642298,3.32
webbase-1M.mtx,1000005,1000005,3105536,-0.00432900,15,0.002288,6211072,2.714469,3.41
webbase-1M.mtx,1000005,1000005,3105536,-0.00432900,16,0.002228,6211072,2.788340,3.50
webbase-1M.mtx,1000005,1000005,3105536,-0.00432900,17,0.002193,6211072,2.831877,3.55
webbase-1M.mtx,1000005,1000005,3105536,-0.00432900,18,0.002188,6211072,2.838182,3.56
webbase-1M.mtx,1000005,1000005,3105536,-0.00432900,19,0.002152,6211072,2.885857,3.62
webbase-1M.mtx,1000005,1000005,3105536,-0.00432900,20,0.002153,6211072,2.884990,3.62
webbase-1M.mtx,1000005,1000005,3105536,-0.00432900,21,0.002164,6211072,2.870566,3.60
webbase-1M.mtx,1000005,1000005,3105536,-0.00432900,22,0.002218,6211072,2.799701,3.51
webbase-1M.mtx,1000005,1000005,3105536,-0.00432900,23,0.002216,6211072,2.802844,3.52
webbase-1M.mtx,1000005,1000005,3105536,-0.00432900,24,0.002253,6211072,2.756835,3.46
webbase-1M.mtx,1000005,1000005,3105536,-0.00432900,25,0.002341,6211072,2.652625,3.33
webbase-1M.mtx,1000005,1000005,3105536,-0.00432900,26,0.002338,6211072,2.656016,3.33
webbase-1M.mtx,1000005,1000005,3105536,-0.00432900,27,0.002326,6211072,2.669995,3.35
webbase-1M.mtx,1000005,1000005,3105536,-0.00432900,28,0.002390,6211072,2.598933,3.26
webbase-1M.mtx,1000005,1000005,3105536,-0.00432900,29,0.002399,6211072,2.588559,3.25
webbase-1M.mtx,1000005,1000005,3105536,-0.00432900,30,0.002491,6211072,2.493680,3.13
webbase-1M.mtx,1000005,1000005,3105536,-0.00432900,31,0.002486,6211072,2.498886,3.14
webbase-1M.mtx,1000005,1000005,3105536,-0.00432900,32,0.002590,6211072,2.398283,3.01
webbase-1M.mtx,1000005,1000005,3105536,-0.00432900,33,0.002623,6211072,2.367496,2.97
webbase-1M.mtx,1000005,1000005,3105536,-0.00432900,34,0.002597,6211072,2.391523,3.00
webbase-1M.mtx,1000005,1000005,3105536,-0.00432900,35,0.002612,6211072,2.377549,2.98
webbase-1M.mtx,1000005,1000005,3105536,-0.00432900,36,0.002601,6211072,2.387569,3.00
webbase-1M.mtx,1000005,1000005,3105536,-0.00432900,37,0.002580,6211072,2.407130,3.02
webbase-1M.mtx,1000005,1000005,3105536,-0.00432900,38,0.002618,6211072,2.372404,2.98
webbase-1M.mtx,1000005,1000005,3105536,-0.00432900,39,0.002676,6211072,2.320989,2.91
webbase-1M.mtx,1000005,1000005,3105536,-0.00432900,40,0.002608,6211072,2.381966,2.99
west2021.mtx,2021,2021,7353,0.00180025,2,0.000044,14706,0.334547,0.25
west2021.mtx,2021,2021,7353,0.00180025,3,0.001663,14706,0.008845,0.01
west2021.mtx,2021,2021,7353,0.00180025,4,0.000032,14706,0.460988,0.34
west2021.mtx,2021,2021,7353,0.00180025,5,0.000034,14706,0.428884,0.32
west2021.mtx,2021,2021,7353,0.00180025,6,0.000031,14706,0.472605,0.35
west2021.mtx,2021,2021,7353,0.00180025,7,0.000029,14706,0.503025,0.37
west2021.mtx,2021,2021,7353,0.00180025,8,0.000048,14706,0.305185,0.23
west2021.mtx,2021,2021,7353,0.00180025,9,0.000043,14706,0.341859,0.25
west2021.mtx,2021,2021,7353,0.00180025,10,0.000044,14706,0.333424,0.25
west2021.mtx,2021,2021,7353,0.00180025,11,0.000049,14706,0.300587,0.22
west2021.mtx,2021,2021,7353,0.00180025,12,0.000047,14706,0.312729,0.23
west2021.mtx,2021,2021,7353,0.00180025,13,0.000046,14706,0.322488,0.24
west2021.mtx,2021,2021,7353,0.00180025,14,0.000047,14706,0.312673,0.23
west2021.mtx,2021,2021,7353,0.00180025,15,0.000042,14706,0.350129,0.26
west2021.mtx,2021,2021,7353,0.00180025,16,0.000050,14706,0.296810,0.22
west2021.mtx,2021,2021,7353,0.00180025,17,0.000048,14706,0.306575,0.23
west2021.mtx,2021,2021,7353,0.00180025,18,0.000049,14706,0.302960,0.22
west2021.mtx,2021,2021,7353,0.00180025,19,0.000042,14706,0.347440,0.26
west2021.mtx,2021,2021,7353,0.00180025,20,0.000044,14706,0.334469,0.25
west2021.mtx,2021,2021,7353,0.00180025,21,0.000702,14706,0.020951,0.02
west2021.mtx,2021,2021,7353,0.00180025,22,0.003907,14706,0.003764,0.00
west2021.mtx,2021,2021,7353,0.00180025,23,0.005184,14706,0.002837,0.00
west2021.mtx,2021,2021,7353,0.00180025,24,0.005180,14706,0.002839,0.00
west2021.mtx,2021,2021,7353,0.00180025,25,0.002513,14706,0.005852,0.00
west2021.mtx,2021,2021,7353,0.00180025,26,0.001925,14706,0.007641,0.01
west2021.mtx,2021,2021,7353,0.00180025,27,0.000943,14706,0.015602,0.01
west2021.mtx,2021,2021,7353,0.00180025,28,0.000948,14706,0.015512,0.01
west2021.mtx,2021,2021,7353,0.00180025,29,0.005224,14706,0.002815,0.00
west2021.mtx,2021,2021,7353,0.00180025,30,0.005176,14706,0.002841,0.00
west2021.mtx,2021,2021,7353,0.00180025,31,0.000462,14706,0.031806,0.02
west2021.mtx,2021,2021,7353,0.00180025,32,0.000893,14706,0.016476,0.01
west2021.mtx,2021,2021,7353,0.00180025,33,0.000940,14706,0.015644,0.01
west2021.mtx,2021,2021,7353,0.00180025,34,0.000939,14706,0.015657,0.01
west2021.mtx,2021,2021,7353,0.00180025,35,0.000942,14706,0.015605,0.01
west2021.mtx,2021,2021,7353,0.00180025,36,0.002938,14706,0.005006,0.00
west2021.mtx,2021,2021,7353,0.00180025,37,0.000939,14706,0.015661,0.01
west2021.mtx,2021,2021,7353,0.00180025,38,0.000937,14706,0.015693,0.01
west2021.mtx,2021,2021,7353,0.00180025,39,0.000903,14706,0.016283,0.01
west2021.mtx,2021,2021,7353,0.00180025,40,0.000947,14706,0.015524,0.01
